Date Range,Actual Volatility,Predicted Volatility
2017-02-10 to 2017-02-24,0.3252496999999998,0.3387501999999998
2008-08-26 to 2008-09-09,0.31185730000000034,0.12557109999999988
2023-01-27 to 2023-02-09,2.6369964000000037,3.136003100000002
2012-12-10 to 2012-12-21,0.4207500000000003,0.7043575999999998
1993-12-16 to 1993-12-30,0.0133926,0.006392699999999996
2008-01-08 to 2008-01-22,0.24717849999999997,0.2016787
2014-09-10 to 2014-09-23,0.4442504999999993,0.5434996999999996
2008-06-30 to 2008-07-14,0.24625010000000006,0.2343925999999999
2014-01-22 to 2014-02-04,0.29417869999999946,0.6024643999999999
2013-03-22 to 2013-04-05,0.36099999999999977,0.35217880000000046
2019-01-09 to 2019-01-23,0.9119997000000005,0.5972495000000002
1989-05-03 to 1989-05-16,0.011160500000000007,0.0146785
1996-12-04 to 1996-12-17,0.008258899999999996,0.009152000000000004
2013-08-28 to 2013-09-11,0.35039229999999916,0.46803580000000017
2019-08-28 to 2019-09-11,0.8835003000000021,0.8504996999999996
1990-05-29 to 1990-06-11,0.010602700000000003,0.011830200000000008
2005-12-27 to 2006-01-10,0.10607150000000001,0.08707159999999994
1993-04-16 to 1993-04-29,0.014397299999999997,0.017633999999999993
2013-06-04 to 2013-06-17,0.33950010000000025,0.3230715
2013-04-08 to 2013-04-19,0.39317860000000027,0.4051073999999993
2013-03-08 to 2013-03-21,0.3158213000000005,0.2828209000000001
1993-03-18 to 1993-03-31,0.014397399999999994,0.014062499999999988
2010-08-20 to 2010-09-02,0.1418215,0.20035719999999985
2004-10-19 to 2004-11-01,0.027410499999999994,0.03266060000000002
2013-10-10 to 2013-10-23,0.3460000999999998,0.30403599999999964
2017-11-27 to 2017-12-08,0.46024979999999827,0.8775008999999997
1998-03-13 to 1998-03-26,0.006640999999999997,0.0107141
2020-04-17 to 2020-04-30,2.007000699999999,1.7377492999999986
2019-12-06 to 2019-12-19,1.2349999999999994,1.1747497999999994
1984-05-22 to 1984-06-05,0.0041853999999999945,0.009654000000000006
1989-12-19 to 1990-01-03,0.013281399999999988,0.0193081
1992-05-19 to 1992-06-02,0.012499699999999997,0.01696440000000001
1981-10-27 to 1981-11-09,0.0006137999999999963,0.0006695999999999965
2001-06-13 to 2001-06-26,0.0236427,0.02696439999999999
2011-11-10 to 2011-11-23,0.21732149999999972,0.2939641
1984-06-06 to 1984-06-19,0.006473400000000002,0.002287800000000001
1997-06-11 to 1997-06-24,0.004464300000000004,0.0030693000000000027
2001-09-07 to 2001-09-26,0.014375200000000015,0.010993399999999997
2015-08-24 to 2015-09-04,0.6117496000000002,0.44324980000000025
1985-07-01 to 1985-07-15,0.0015623999999999985,0.0010043999999999997
2001-10-25 to 2001-11-07,0.015267900000000001,0.009430600000000016
2023-05-23 to 2023-06-06,2.5839980999999965,3.136003100000002
1991-11-12 to 1991-11-25,0.012276499999999996,0.017732499999999995
2000-01-07 to 2000-01-21,0.06155130000000001,0.035857099999999996
2006-07-05 to 2006-07-18,0.07400000000000007,0.08078569999999999
1991-01-15 to 1991-01-28,0.01953130000000001,0.019589299999999997
1992-11-20 to 1992-12-04,0.012611699999999986,0.0155134
2004-03-30 to 2004-04-13,0.0159285,0.02159590000000001
1984-03-12 to 1984-03-23,0.0035153999999999975,0.0037945000000000006
2009-02-03 to 2009-02-17,0.13464269999999998,0.29146410000000006
2017-06-21 to 2017-07-05,0.4664996000000009,0.7732498000000007
1999-04-23 to 1999-05-06,0.01964290000000001,0.024749
1987-09-18 to 1987-10-01,0.019531200000000006,0.014142599999999995
1990-07-11 to 1990-07-24,0.016852500000000003,0.010714399999999995
1998-02-27 to 1998-03-12,0.009263299999999999,0.015624999999999997
1999-12-09 to 1999-12-22,0.06015619999999999,0.06467619999999999
1998-08-19 to 1998-09-01,0.017243499999999995,0.028571400000000014
1993-07-27 to 1993-08-09,0.011830199999999996,0.009040200000000002
1996-12-18 to 1997-01-02,0.006668499999999999,0.008761300000000003
2020-05-15 to 2020-05-29,2.1157494000000012,2.2487518999999994
1987-10-02 to 1987-10-15,0.054687299999999994,0.015624899999999992
1982-04-05 to 1982-04-19,0.0005581000000000003,0.001506600000000001
1993-09-08 to 1993-09-21,0.008370400000000005,0.006193999999999996
2012-05-04 to 2012-05-17,0.5590356999999994,0.6024643999999999
1992-05-05 to 1992-05-18,0.012834500000000026,0.014174099999999995
2016-10-17 to 2016-10-28,0.5839998999999996,0.5385001000000003
2007-03-23 to 2007-04-05,0.052893099999999915,0.1154640999999998
1997-07-10 to 1997-07-23,0.007826300000000003,0.009654000000000006
1997-11-14 to 1997-11-28,0.006026700000000001,0.003794900000000004
1995-01-26 to 1995-02-08,0.010770100000000005,0.016268100000000008
2022-10-17 to 2022-10-28,5.253997899999996,3.340001200000006
2004-11-16 to 2004-11-30,0.04080360000000003,0.035857099999999996
2020-11-18 to 2020-12-02,2.539000699999997,3.2040031
1990-02-01 to 1990-02-14,0.009375100000000003,0.010825999999999997
1988-12-22 to 1989-01-06,0.0125,0.008785800000000005
1990-03-02 to 1990-03-15,0.013504600000000005,0.0118307
2010-11-30 to 2010-12-13,0.10160710000000037,0.18985709999999986
1984-10-26 to 1984-11-08,0.0031808,0.009709999999999996
1999-05-21 to 1999-06-04,0.014397399999999994,0.016127100000000005
2023-04-25 to 2023-05-08,2.0509995000000005,3.5300033999999956
2012-06-04 to 2012-06-15,0.3213213000000003,0.3788215000000005
2007-01-25 to 2007-02-07,0.06107129999999996,0.1173215
2005-06-22 to 2005-07-06,0.0380714,0.06771440000000002
1992-09-11 to 1992-09-24,0.0135046,0.012611500000000003
2015-06-26 to 2015-07-10,0.478000299999999,0.46174950000000015
1993-09-22 to 1993-10-05,0.009709800000000001,0.011383899999999992
1997-09-05 to 1997-09-18,0.005636400000000002,0.005971000000000004
1987-01-16 to 1987-01-29,0.008816800000000003,0.004952700000000002
1994-12-28 to 1995-01-11,0.01540169999999999,0.009821100000000004
2019-07-31 to 2019-08-13,1.0577503999999975,0.8775008999999997
2011-07-06 to 2011-07-19,0.3075357000000002,0.28260710000000006
2019-04-22 to 2019-05-03,1.275999,0.9005002000000004
1997-03-03 to 1997-03-14,0.008747300000000003,0.0030693000000000027
2005-02-28 to 2005-03-11,0.03910720000000001,0.031535599999999976
2012-11-09 to 2012-11-23,0.5856784999999999,0.36103549999999984
2007-02-08 to 2007-02-22,0.08435730000000005,0.12232129999999994
1987-09-03 to 1987-09-17,0.021205399999999996,0.016629599999999987
2021-07-12 to 2021-07-23,2.3630004000000016,4.1949984
2017-05-09 to 2017-05-22,0.37299949999999954,0.5445002999999999
1986-04-03 to 1986-04-16,0.007477699999999999,0.0031248000000000014
2020-08-11 to 2020-08-24,5.7264999,2.563000599999998
1996-10-08 to 1996-10-21,0.008593600000000003,0.011383899999999992
2011-09-15 to 2011-09-28,0.4781428999999996,0.46803580000000017
1986-02-04 to 1986-02-18,0.003683000000000003,0.0021205000000000017
2011-03-11 to 2011-03-24,0.18892880000000006,0.18200000000000002
1993-01-06 to 1993-01-19,0.014062100000000032,0.023214200000000008
2018-04-23 to 2018-05-04,0.5827499999999987,0.6404998999999997
1982-12-20 to 1983-01-03,0.007031299999999999,0.004296699999999999
1997-03-17 to 1997-03-31,0.005915099999999998,0.0066966
2013-07-17 to 2013-07-30,0.3310717000000004,0.3236067000000002
1982-07-15 to 1982-07-28,0.0005579999999999995,0.0006138000000000018
1997-08-21 to 1997-09-04,0.006989699999999999,0.006193999999999996
2002-06-03 to 2002-06-14,0.01498230000000001,0.014839000000000008
2008-10-08 to 2008-10-21,0.237643,0.10671430000000001
2013-04-22 to 2013-05-03,0.4009642999999995,0.4051073999999993
2009-12-02 to 2009-12-15,0.12396440000000002,0.12557109999999988
1981-10-13 to 1981-10-26,0.0006137999999999977,0.0005579999999999988
1985-03-07 to 1985-03-20,0.0023439000000000003,0.002566899999999997
2004-03-02 to 2004-03-15,0.014517800000000008,0.028571400000000014
1991-06-07 to 1991-06-20,0.013169500000000011,0.015625099999999992
2014-12-18 to 2015-01-02,0.7379997000000007,0.35475039999999963
2021-09-07 to 2021-09-20,2.6370010999999978,2.118000700000002
2008-03-06 to 2008-03-19,0.1849284999999999,0.11135709999999976
1987-12-29 to 1988-01-12,0.018526799999999993,0.010825899999999994
2011-04-08 to 2011-04-21,0.17403570000000013,0.28260710000000006
1999-08-17 to 1999-08-30,0.03097089999999998,0.020446300000000018
1981-04-23 to 1981-05-06,0.0010601999999999986,0.0006697999999999982
2001-12-21 to 2002-01-07,0.015553400000000005,0.011053600000000007
2021-10-05 to 2021-10-18,2.1259979000000016,2.626000999999994
1984-04-09 to 1984-04-23,0.0065848000000000035,0.004743499999999998
2005-04-26 to 2005-05-09,0.05464290000000001,0.04539289999999996
1994-03-28 to 1994-04-11,0.017299099999999998,0.012667399999999995
2020-10-07 to 2020-10-20,3.3840012000000046,3.2040031
2023-09-01 to 2023-09-15,3.297001600000004,3.5300033999999956
1983-08-22 to 1983-09-02,0.0105466,0.005468600000000001
1990-12-14 to 1990-12-28,0.01283479999999999,0.010491199999999996
2007-12-21 to 2008-01-07,0.3374284999999997,0.17010719999999976
1988-04-22 to 1988-05-05,0.009039999999999998,0.011718899999999994
2005-07-07 to 2005-07-20,0.03464279999999993,0.035857099999999996
2003-09-09 to 2003-09-22,0.016857199999999996,0.011839099999999997
2006-04-24 to 2006-05-05,0.08017870000000009,0.05514279999999996
2000-09-11 to 2000-09-22,0.05892860000000001,0.054324700000000004
1995-02-09 to 1995-02-23,0.0116348,0.010825899999999994
1988-04-08 to 1988-04-21,0.008370499999999998,0.014508999999999989
2009-09-22 to 2009-10-05,0.08092829999999988,0.11557140000000006
2022-04-11 to 2022-04-25,5.986999500000001,5.849003399999998
2003-06-13 to 2003-06-26,0.012017699999999997,0.01380360000000001
1985-07-16 to 1985-07-29,0.0015627000000000002,0.0010044000000000025
1998-10-29 to 1998-11-11,0.012444300000000009,0.028571400000000014
1997-12-01 to 1997-12-12,0.004241199999999999,0.005468600000000001
2000-12-19 to 2001-01-03,0.022656199999999998,0.01614290000000001
1991-04-11 to 1991-04-24,0.016294499999999996,0.020285599999999994
1988-09-14 to 1988-09-27,0.011607100000000004,0.010267800000000011
1998-11-27 to 1998-12-10,0.013448500000000002,0.011495499999999997
1983-01-18 to 1983-01-31,0.009151699999999999,0.008147499999999993
1992-06-03 to 1992-06-16,0.01685270000000002,0.015848399999999995
2006-05-22 to 2006-06-05,0.08017840000000005,0.07396420000000012
2018-11-08 to 2018-11-21,1.2060000000000002,1.0942503000000001
2002-02-06 to 2002-02-20,0.030303500000000004,0.016127100000000005
1988-02-10 to 1988-02-24,0.012276899999999997,0.010267800000000011
1986-10-21 to 1986-11-03,0.0053012999999999975,0.0030693000000000027
2016-08-05 to 2016-08-18,0.28850009999999954,0.4194995000000006
2012-01-25 to 2012-02-07,0.4247502000000004,0.2063568
2010-12-14 to 2010-12-28,0.13907129999999998,0.21278590000000044
1995-11-24 to 1995-12-07,0.014174100000000005,0.008785800000000005
2021-11-02 to 2021-11-15,3.830001699999994,4.106001200000006
2008-06-16 to 2008-06-27,0.24660680000000018,0.2392499
2015-11-17 to 2015-12-01,0.6112503000000007,1.2294995999999998
1992-07-16 to 1992-07-29,0.011830000000000007,0.017745700000000014
2012-03-08 to 2012-03-21,0.3875715999999997,0.36103549999999984
2007-05-07 to 2007-05-18,0.1064283999999998,0.2343925999999999
1984-12-24 to 1985-01-08,0.0032924000000000035,0.003292400000000001
2006-07-19 to 2006-08-01,0.07885700000000004,0.07396420000000012
2019-05-20 to 2019-06-03,0.9157495000000011,0.8775008999999997
2005-07-21 to 2005-08-03,0.04542849999999994,0.04715390000000001
1997-06-25 to 1997-07-09,0.0092076,0.0071988
2001-05-15 to 2001-05-29,0.017071300000000005,0.025339199999999985
2017-03-27 to 2017-04-07,0.339750200000001,1.2294995999999998
2011-08-03 to 2011-08-16,0.34346459999999973,0.30967870000000025
2000-07-28 to 2000-08-10,0.044308099999999996,0.06467619999999999
1991-02-27 to 1991-03-12,0.028906200000000003,0.01651790000000002
2016-11-14 to 2016-11-28,0.46875000000000033,0.35475039999999963
1995-05-22 to 1995-06-05,0.007365899999999997,0.010267800000000011
1983-05-12 to 1983-05-25,0.007812400000000008,0.013950999999999996
1992-11-06 to 1992-11-19,0.012388599999999982,0.017522500000000007
2011-03-25 to 2011-04-07,0.2106424999999998,0.18985709999999986
1983-04-14 to 1983-04-27,0.008817199999999997,0.008705199999999996
1986-01-07 to 1986-01-20,0.004129600000000002,0.002566899999999997
1982-06-02 to 1982-06-15,0.0007253999999999996,0.0005579999999999988
1995-02-24 to 1995-03-09,0.014076400000000006,0.008370400000000005
2005-09-30 to 2005-10-13,0.06599970000000004,0.07396420000000012
1984-09-14 to 1984-09-27,0.0025667999999999984,0.0031248000000000014
1989-03-07 to 1989-03-20,0.008035999999999993,0.011160499999999995
1996-06-28 to 1996-07-12,0.0078264,0.006193999999999996
2007-10-11 to 2007-10-24,0.18742860000000006,0.1196785000000001
2014-05-16 to 2014-05-30,0.38896489999999984,0.39724990000000027
1992-08-13 to 1992-08-26,0.013057999999999986,0.0089148
2018-08-15 to 2018-08-28,1.2229997999999989,1.1444993999999995
2002-10-09 to 2002-10-22,0.0129998,0.007142800000000005
2023-07-07 to 2023-07-20,2.5069991999999957,3.136003100000002
1983-11-01 to 1983-11-14,0.0036271,0.0026228000000000015
2010-10-04 to 2010-10-15,0.21849980000000038,0.2852501
2022-09-19 to 2022-09-30,4.188001900000009,4.791001699999998
1992-12-07 to 1992-12-18,0.012499800000000016,0.016294600000000003
1989-02-06 to 1989-02-17,0.009263400000000005,0.011272100000000007
2000-07-14 to 2000-07-27,0.04949760000000001,0.0584822
2017-03-13 to 2017-03-24,0.4000002000000002,0.5904996000000008
2015-09-08 to 2015-09-21,0.6885002999999997,0.6194997000000001
1989-09-25 to 1989-10-06,0.021316900000000007,0.011606999999999996
2011-12-23 to 2012-01-09,0.1588929000000002,0.2147502000000001
1985-10-10 to 1985-10-23,0.0013951000000000005,0.0010044000000000025
1981-02-10 to 1981-02-24,0.0006696000000000008,0.000892800000000002
2015-01-05 to 2015-01-16,0.6980003999999997,0.44324980000000025
2013-12-06 to 2013-12-19,0.27914279999999925,0.41475000000000006
2002-04-05 to 2002-04-18,0.014642900000000004,0.023214200000000008
1999-07-06 to 1999-07-19,0.019029299999999992,0.024749
1994-10-17 to 1994-10-28,0.012821100000000002,0.0147322
2017-02-10 to 2017-02-24,0.3252496999999998,0.44097498500000015
2008-08-26 to 2008-09-09,0.31185730000000034,0.17999604400000002
2023-01-27 to 2023-02-09,2.6369964000000037,3.0706503809999997
2012-12-10 to 2012-12-21,0.4207500000000003,0.4170647039999998
1993-12-16 to 1993-12-30,0.0133926,0.009239330000000002
2008-01-08 to 2008-01-22,0.24717849999999997,0.3029535909999997
2014-09-10 to 2014-09-23,0.4442504999999993,0.42890473500000037
2008-06-30 to 2008-07-14,0.24625010000000006,0.15691034799999995
2014-01-22 to 2014-02-04,0.29417869999999946,0.38325892600000017
2013-03-22 to 2013-04-05,0.36099999999999977,0.32484740399999995
2019-01-09 to 2019-01-23,0.9119997000000005,0.5392124569999998
1989-05-03 to 1989-05-16,0.011160500000000007,0.01724706500000001
1996-12-04 to 1996-12-17,0.008258899999999996,0.007638204999999999
2013-08-28 to 2013-09-11,0.35039229999999916,0.32482757800000017
2019-08-28 to 2019-09-11,0.8835003000000021,1.0023048619999997
1990-05-29 to 1990-06-11,0.010602700000000003,0.012128380000000001
2005-12-27 to 2006-01-10,0.10607150000000001,0.07483527700000003
1993-04-16 to 1993-04-29,0.014397299999999997,0.016789740999999993
2013-06-04 to 2013-06-17,0.33950010000000025,0.3049385650000002
2013-04-08 to 2013-04-19,0.39317860000000027,0.33930395900000015
2013-03-08 to 2013-03-21,0.3158213000000005,0.34714425600000043
1993-03-18 to 1993-03-31,0.014397399999999994,0.014814113999999998
2010-08-20 to 2010-09-02,0.1418215,0.1793907259999999
2004-10-19 to 2004-11-01,0.027410499999999994,0.04492606
2013-10-10 to 2013-10-23,0.3460000999999998,0.3171214750000001
2017-11-27 to 2017-12-08,0.46024979999999827,0.7317813559999997
1998-03-13 to 1998-03-26,0.006640999999999997,0.011118355999999996
2020-04-17 to 2020-04-30,2.007000699999999,1.6942348929999997
2019-12-06 to 2019-12-19,1.2349999999999994,1.785847575999999
1984-05-22 to 1984-06-05,0.0041853999999999945,0.004982708999999999
1989-12-19 to 1990-01-03,0.013281399999999988,0.012402511000000003
1992-05-19 to 1992-06-02,0.012499699999999997,0.015824734999999993
1981-10-27 to 1981-11-09,0.0006137999999999963,0.0006378039999999996
2001-06-13 to 2001-06-26,0.0236427,0.018439934000000015
2011-11-10 to 2011-11-23,0.21732149999999972,0.2542189710000002
1984-06-06 to 1984-06-19,0.006473400000000002,0.0035948800000000004
1997-06-11 to 1997-06-24,0.004464300000000004,0.005311414999999998
2001-09-07 to 2001-09-26,0.014375200000000015,0.013672747999999995
2015-08-24 to 2015-09-04,0.6117496000000002,0.4826032380000002
1985-07-01 to 1985-07-15,0.0015623999999999985,0.0016891669999999992
2001-10-25 to 2001-11-07,0.015267900000000001,0.016416110000000005
2023-05-23 to 2023-06-06,2.5839980999999965,2.8537309720000024
1991-11-12 to 1991-11-25,0.012276499999999996,0.017164343
2000-01-07 to 2000-01-21,0.06155130000000001,0.046451466000000004
2006-07-05 to 2006-07-18,0.07400000000000007,0.06407291499999997
1991-01-15 to 1991-01-28,0.01953130000000001,0.018097671000000003
1992-11-20 to 1992-12-04,0.012611699999999986,0.01576025199999999
2004-03-30 to 2004-04-13,0.0159285,0.017048679999999997
1984-03-12 to 1984-03-23,0.0035153999999999975,0.002263931999999999
2009-02-03 to 2009-02-17,0.13464269999999998,0.133616752
2017-06-21 to 2017-07-05,0.4664996000000009,0.5675949620000003
1999-04-23 to 1999-05-06,0.01964290000000001,0.023591259999999992
1987-09-18 to 1987-10-01,0.019531200000000006,0.016194061000000006
1990-07-11 to 1990-07-24,0.016852500000000003,0.014767318000000005
1998-02-27 to 1998-03-12,0.009263299999999999,0.012005765999999996
1999-12-09 to 1999-12-22,0.06015619999999999,0.05367881799999999
1998-08-19 to 1998-09-01,0.017243499999999995,0.021615366999999996
1993-07-27 to 1993-08-09,0.011830199999999996,0.010030823000000005
1996-12-18 to 1997-01-02,0.006668499999999999,0.007757332000000001
2020-05-15 to 2020-05-29,2.1157494000000012,2.111449834
1987-10-02 to 1987-10-15,0.054687299999999994,0.016434222000000002
1982-04-05 to 1982-04-19,0.0005581000000000003,0.001305225
1993-09-08 to 1993-09-21,0.008370400000000005,0.008546670000000001
2012-05-04 to 2012-05-17,0.5590356999999994,0.4542524390000001
1992-05-05 to 1992-05-18,0.012834500000000026,0.015361841999999997
2016-10-17 to 2016-10-28,0.5839998999999996,0.4831696309999998
2007-03-23 to 2007-04-05,0.052893099999999915,0.12620875800000003
1997-07-10 to 1997-07-23,0.007826300000000003,0.005836100000000002
1997-11-14 to 1997-11-28,0.006026700000000001,0.005808009999999999
1995-01-26 to 1995-02-08,0.010770100000000005,0.012808597000000003
2022-10-17 to 2022-10-28,5.253997899999996,3.553323186
2004-11-16 to 2004-11-30,0.04080360000000003,0.050044120999999976
2020-11-18 to 2020-12-02,2.539000699999997,2.842390662000002
1990-02-01 to 1990-02-14,0.009375100000000003,0.011249584000000002
1988-12-22 to 1989-01-06,0.0125,0.012268943999999999
1990-03-02 to 1990-03-15,0.013504600000000005,0.011363523
2010-11-30 to 2010-12-13,0.10160710000000037,0.21242928200000002
1984-10-26 to 1984-11-08,0.0031808,0.002917372999999999
1999-05-21 to 1999-06-04,0.014397399999999994,0.017842287000000002
2023-04-25 to 2023-05-08,2.0509995000000005,2.9247210510000015
2012-06-04 to 2012-06-15,0.3213213000000003,0.34671780100000005
2007-01-25 to 2007-02-07,0.06107129999999996,0.07766159899999997
2005-06-22 to 2005-07-06,0.0380714,0.052500723999999985
1992-09-11 to 1992-09-24,0.0135046,0.014047011999999994
2015-06-26 to 2015-07-10,0.478000299999999,0.5587984999999999
1993-09-22 to 1993-10-05,0.009709800000000001,0.008070866000000001
1997-09-05 to 1997-09-18,0.005636400000000002,0.007333087000000004
1987-01-16 to 1987-01-29,0.008816800000000003,0.00963676
1994-12-28 to 1995-01-11,0.01540169999999999,0.016349552000000003
2019-07-31 to 2019-08-13,1.0577503999999975,1.0463475649999996
2011-07-06 to 2011-07-19,0.3075357000000002,0.2734804110000001
2019-04-22 to 2019-05-03,1.275999,0.931694937
1997-03-03 to 1997-03-14,0.008747300000000003,0.005144541999999999
2005-02-28 to 2005-03-11,0.03910720000000001,0.051272126000000015
2012-11-09 to 2012-11-23,0.5856784999999999,0.402443214
2007-02-08 to 2007-02-22,0.08435730000000005,0.08577896899999994
1987-09-03 to 1987-09-17,0.021205399999999996,0.015270086999999996
2021-07-12 to 2021-07-23,2.3630004000000016,3.193182858
2017-05-09 to 2017-05-22,0.37299949999999954,0.5355924909999998
1986-04-03 to 1986-04-16,0.007477699999999999,0.004017325999999999
2020-08-11 to 2020-08-24,5.7264999,3.4293854700000015
1996-10-08 to 1996-10-21,0.008593600000000003,0.010910784999999996
2011-09-15 to 2011-09-28,0.4781428999999996,0.34694646799999995
1986-02-04 to 1986-02-18,0.003683000000000003,0.003710412999999997
2011-03-11 to 2011-03-24,0.18892880000000006,0.21964324000000005
1993-01-06 to 1993-01-19,0.014062100000000032,0.018277009999999986
2018-04-23 to 2018-05-04,0.5827499999999987,0.822572358
1982-12-20 to 1983-01-03,0.007031299999999999,0.004162400999999999
1997-03-17 to 1997-03-31,0.005915099999999998,0.005600915000000001
2013-07-17 to 2013-07-30,0.3310717000000004,0.3214971950000002
1982-07-15 to 1982-07-28,0.0005579999999999995,0.0007343419999999989
1997-08-21 to 1997-09-04,0.006989699999999999,0.007741005000000003
2002-06-03 to 2002-06-14,0.01498230000000001,0.018106526000000005
2008-10-08 to 2008-10-21,0.237643,0.207048573
2013-04-22 to 2013-05-03,0.4009642999999995,0.35104109899999997
2009-12-02 to 2009-12-15,0.12396440000000002,0.18050497300000004
1981-10-13 to 1981-10-26,0.0006137999999999977,0.0006299939999999994
1985-03-07 to 1985-03-20,0.0023439000000000003,0.0038905639999999987
2004-03-02 to 2004-03-15,0.014517800000000008,0.022033925000000006
1991-06-07 to 1991-06-20,0.013169500000000011,0.013094970000000001
2014-12-18 to 2015-01-02,0.7379997000000007,0.48372007600000005
2021-09-07 to 2021-09-20,2.6370010999999978,3.978718257000001
2008-03-06 to 2008-03-19,0.1849284999999999,0.1695631889999999
1987-12-29 to 1988-01-12,0.018526799999999993,0.015352804999999999
2011-04-08 to 2011-04-21,0.17403570000000013,0.2644696570000001
1999-08-17 to 1999-08-30,0.03097089999999998,0.019077643999999994
1981-04-23 to 1981-05-06,0.0010601999999999986,0.0007550639999999996
2001-12-21 to 2002-01-07,0.015553400000000005,0.015808400000000004
2021-10-05 to 2021-10-18,2.1259979000000016,3.1587052680000016
1984-04-09 to 1984-04-23,0.0065848000000000035,0.0046686589999999995
2005-04-26 to 2005-05-09,0.05464290000000001,0.04974388899999997
1994-03-28 to 1994-04-11,0.017299099999999998,0.011326700999999996
2020-10-07 to 2020-10-20,3.3840012000000046,2.8558532230000004
2023-09-01 to 2023-09-15,3.297001600000004,3.484020505999999
1983-08-22 to 1983-09-02,0.0105466,0.006203506000000002
1990-12-14 to 1990-12-28,0.01283479999999999,0.012661635
2007-12-21 to 2008-01-07,0.3374284999999997,0.22780824099999997
1988-04-22 to 1988-05-05,0.009039999999999998,0.011405972999999993
2005-07-07 to 2005-07-20,0.03464279999999993,0.048110098
2003-09-09 to 2003-09-22,0.016857199999999996,0.013244362999999992
2006-04-24 to 2006-05-05,0.08017870000000009,0.06590673700000002
2000-09-11 to 2000-09-22,0.05892860000000001,0.06256719300000001
1995-02-09 to 1995-02-23,0.0116348,0.013593559
1988-04-08 to 1988-04-21,0.008370499999999998,0.011885583
2009-09-22 to 2009-10-05,0.08092829999999988,0.17023925700000003
2022-04-11 to 2022-04-25,5.986999500000001,3.8461508179999995
2003-06-13 to 2003-06-26,0.012017699999999997,0.01633805499999999
1985-07-16 to 1985-07-29,0.0015627000000000002,0.0019553620000000004
1998-10-29 to 1998-11-11,0.012444300000000009,0.019944605999999993
1997-12-01 to 1997-12-12,0.004241199999999999,0.005879800000000003
2000-12-19 to 2001-01-03,0.022656199999999998,0.013109547999999995
1991-04-11 to 1991-04-24,0.016294499999999996,0.020499340999999994
1988-09-14 to 1988-09-27,0.011607100000000004,0.011079232
1998-11-27 to 1998-12-10,0.013448500000000002,0.016455364999999996
1983-01-18 to 1983-01-31,0.009151699999999999,0.006706219999999998
1992-06-03 to 1992-06-16,0.01685270000000002,0.015821292000000008
2006-05-22 to 2006-06-05,0.08017840000000005,0.06684454600000002
2018-11-08 to 2018-11-21,1.2060000000000002,1.0948175029999996
2002-02-06 to 2002-02-20,0.030303500000000004,0.017697929000000005
1988-02-10 to 1988-02-24,0.012276899999999997,0.011762408
1986-10-21 to 1986-11-03,0.0053012999999999975,0.004850476
2016-08-05 to 2016-08-18,0.28850009999999954,0.3950225060000003
2012-01-25 to 2012-02-07,0.4247502000000004,0.3057214900000002
2010-12-14 to 2010-12-28,0.13907129999999998,0.21099285199999998
1995-11-24 to 1995-12-07,0.014174100000000005,0.011904199000000002
2021-11-02 to 2021-11-15,3.830001699999994,3.018063484999997
2008-06-16 to 2008-06-27,0.24660680000000018,0.1978149220000001
2015-11-17 to 2015-12-01,0.6112503000000007,0.58206278
1992-07-16 to 1992-07-29,0.011830000000000007,0.014442842999999997
2012-03-08 to 2012-03-21,0.3875715999999997,0.44033650999999985
2007-05-07 to 2007-05-18,0.1064283999999998,0.14751889399999996
1984-12-24 to 1985-01-08,0.0032924000000000035,0.004407946999999999
2006-07-19 to 2006-08-01,0.07885700000000004,0.07312781999999998
2019-05-20 to 2019-06-03,0.9157495000000011,0.9834449540000003
2005-07-21 to 2005-08-03,0.04542849999999994,0.059153760000000014
1997-06-25 to 1997-07-09,0.0092076,0.006810822000000006
2001-05-15 to 2001-05-29,0.017071300000000005,0.018090227
2017-03-27 to 2017-04-07,0.339750200000001,0.6148070690000002
2011-08-03 to 2011-08-16,0.34346459999999973,0.3224693229999999
2000-07-28 to 2000-08-10,0.044308099999999996,0.06158261500000001
1991-02-27 to 1991-03-12,0.028906200000000003,0.018491832999999992
2016-11-14 to 2016-11-28,0.46875000000000033,0.45791753400000007
1995-05-22 to 1995-06-05,0.007365899999999997,0.012203379999999993
1983-05-12 to 1983-05-25,0.007812400000000008,0.011425192000000006
1992-11-06 to 1992-11-19,0.012388599999999982,0.016586192000000003
2011-03-25 to 2011-04-07,0.2106424999999998,0.2198196340000001
1983-04-14 to 1983-04-27,0.008817199999999997,0.008457936999999999
1986-01-07 to 1986-01-20,0.004129600000000002,0.0035685890000000022
1982-06-02 to 1982-06-15,0.0007253999999999996,0.000718162999999999
1995-02-24 to 1995-03-09,0.014076400000000006,0.012504116999999999
2005-09-30 to 2005-10-13,0.06599970000000004,0.06087241700000002
1984-09-14 to 1984-09-27,0.0025667999999999984,0.004097066
1989-03-07 to 1989-03-20,0.008035999999999993,0.010905451999999998
1996-06-28 to 1996-07-12,0.0078264,0.007464253999999999
2007-10-11 to 2007-10-24,0.18742860000000006,0.26467534799999975
2014-05-16 to 2014-05-30,0.38896489999999984,0.42163321899999995
1992-08-13 to 1992-08-26,0.013057999999999986,0.012414669999999994
2018-08-15 to 2018-08-28,1.2229997999999989,1.094704774
2002-10-09 to 2002-10-22,0.0129998,0.011239552000000009
2023-07-07 to 2023-07-20,2.5069991999999957,2.9662657340000016
1983-11-01 to 1983-11-14,0.0036271,0.004271184999999999
2010-10-04 to 2010-10-15,0.21849980000000038,0.26015216300000005
2022-09-19 to 2022-09-30,4.188001900000009,4.108178398000002
1992-12-07 to 1992-12-18,0.012499800000000016,0.016104451
1989-02-06 to 1989-02-17,0.009263400000000005,0.012121817999999998
2000-07-14 to 2000-07-27,0.04949760000000001,0.062319685999999985
2017-03-13 to 2017-03-24,0.4000002000000002,0.4481449770000003
2015-09-08 to 2015-09-21,0.6885002999999997,0.4973871100000001
1989-09-25 to 1989-10-06,0.021316900000000007,0.013541361000000009
2011-12-23 to 2012-01-09,0.1588929000000002,0.2789204050000002
1985-10-10 to 1985-10-23,0.0013951000000000005,0.0020591430000000007
1981-02-10 to 1981-02-24,0.0006696000000000008,0.0007444419999999999
2015-01-05 to 2015-01-16,0.6980003999999997,0.5287463750000001
2013-12-06 to 2013-12-19,0.27914279999999925,0.3163070740000002
2002-04-05 to 2002-04-18,0.014642900000000004,0.017328867999999997
1999-07-06 to 1999-07-19,0.019029299999999992,0.023478633999999995
1994-10-17 to 1994-10-28,0.012821100000000002,0.014546137999999997
2017-02-10 to 2017-02-24,0.3252496999999998,0.5152146952417389
2008-08-26 to 2008-09-09,0.31185730000000034,0.2008130612947292
2023-01-27 to 2023-02-09,2.6369964000000037,3.0344692031872884
2012-12-10 to 2012-12-21,0.4207500000000003,0.3635304506622391
1993-12-16 to 1993-12-30,0.0133926,0.01416757712194607
2008-01-08 to 2008-01-22,0.24717849999999997,0.2698047703612996
2014-09-10 to 2014-09-23,0.4442504999999993,0.4179760775567687
2008-06-30 to 2008-07-14,0.24625010000000006,0.17892910654975894
2014-01-22 to 2014-02-04,0.29417869999999946,0.4350174018374313
2013-03-22 to 2013-04-05,0.36099999999999977,0.3823112729492254
2019-01-09 to 2019-01-23,0.9119997000000005,0.5631672561314772
1989-05-03 to 1989-05-16,0.011160500000000007,0.010676859259718046
1996-12-04 to 1996-12-17,0.008258899999999996,0.012505164073955601
2013-08-28 to 2013-09-11,0.35039229999999916,0.3533088644569308
2019-08-28 to 2019-09-11,0.8835003000000021,1.2028202475098153
1990-05-29 to 1990-06-11,0.010602700000000003,0.014854605445818953
2005-12-27 to 2006-01-10,0.10607150000000001,0.06127576599143233
1993-04-16 to 1993-04-29,0.014397299999999997,0.013709048251896028
2013-06-04 to 2013-06-17,0.33950010000000025,0.28114057740147314
2013-04-08 to 2013-04-19,0.39317860000000027,0.42554804242906025
2013-03-08 to 2013-03-21,0.3158213000000005,0.37254955657318034
1993-03-18 to 1993-03-31,0.014397399999999994,0.014854605445818953
2010-08-20 to 2010-09-02,0.1418215,0.19050498466676957
2004-10-19 to 2004-11-01,0.027410499999999994,0.04953697694903046
2013-10-10 to 2013-10-23,0.3460000999999998,0.35663877038845526
2017-11-27 to 2017-12-08,0.46024979999999827,0.7747149389976707
1998-03-13 to 1998-03-26,0.006640999999999997,0.011513032114176893
2020-04-17 to 2020-04-30,2.007000699999999,1.5574211235430953
2019-12-06 to 2019-12-19,1.2349999999999994,1.4284734477381567
1984-05-22 to 1984-06-05,0.0041853999999999945,0.01405407673243203
1989-12-19 to 1990-01-03,0.013281399999999988,0.013005123293270169
1992-05-19 to 1992-06-02,0.012499699999999997,0.010629005386920147
1981-10-27 to 1981-11-09,0.0006137999999999963,0.001968756941708717
2001-06-13 to 2001-06-26,0.0236427,0.011661697753041631
2011-11-10 to 2011-11-23,0.21732149999999972,0.2913447692097389
1984-06-06 to 1984-06-19,0.006473400000000002,0.019100473874294064
1997-06-11 to 1997-06-24,0.004464300000000004,0.038115436781517235
2001-09-07 to 2001-09-26,0.014375200000000015,0.01303826316866013
2015-08-24 to 2015-09-04,0.6117496000000002,0.3814550893729687
1985-07-01 to 1985-07-15,0.0015623999999999985,0.014114150301880193
2001-10-25 to 2001-11-07,0.015267900000000001,0.014798830057321922
2023-05-23 to 2023-06-06,2.5839980999999965,2.674640887757481
1991-11-12 to 1991-11-25,0.012276499999999996,0.013795557302085256
2000-01-07 to 2000-01-21,0.06155130000000001,0.06010459230728894
2006-07-05 to 2006-07-18,0.07400000000000007,0.08050473314513994
1991-01-15 to 1991-01-28,0.01953130000000001,0.013669646054032087
1992-11-20 to 1992-12-04,0.012611699999999986,0.011675942890650793
2004-03-30 to 2004-04-13,0.0159285,0.021883512126893087
1984-03-12 to 1984-03-23,0.0035153999999999975,0.004366955857247703
2009-02-03 to 2009-02-17,0.13464269999999998,0.12821911809819828
2017-06-21 to 2017-07-05,0.4664996000000009,0.45773775284682516
1999-04-23 to 1999-05-06,0.01964290000000001,0.021978138497841686
1987-09-18 to 1987-10-01,0.019531200000000006,0.0129112107174038
1990-07-11 to 1990-07-24,0.016852500000000003,0.014798830057321922
1998-02-27 to 1998-03-12,0.009263299999999999,0.01989866751858749
1999-12-09 to 1999-12-22,0.06015619999999999,0.044775356210245566
1998-08-19 to 1998-09-01,0.017243499999999995,0.024255278429623994
1993-07-27 to 1993-08-09,0.011830199999999996,0.0128193275148885
1996-12-18 to 1997-01-02,0.006668499999999999,0.013224800957345585
2020-05-15 to 2020-05-29,2.1157494000000012,2.2173846909631294
1987-10-02 to 1987-10-15,0.054687299999999994,0.014702689472706762
1982-04-05 to 1982-04-19,0.0005581000000000003,0.010606745585158853
1993-09-08 to 1993-09-21,0.008370400000000005,0.011976333129913953
2012-05-04 to 2012-05-17,0.5590356999999994,0.5238422301226074
1992-05-05 to 1992-05-18,0.012834500000000026,0.01293917905294123
2016-10-17 to 2016-10-28,0.5839998999999996,0.5098944849772666
2007-03-23 to 2007-04-05,0.052893099999999915,0.10306269169392127
1997-07-10 to 1997-07-23,0.007826300000000003,0.011716790097828703
1997-11-14 to 1997-11-28,0.006026700000000001,0.006544101071253446
1995-01-26 to 1995-02-08,0.010770100000000005,0.01412924180197945
2022-10-17 to 2022-10-28,5.253997899999996,4.093192950831098
2004-11-16 to 2004-11-30,0.04080360000000003,0.06738947256917927
2020-11-18 to 2020-12-02,2.539000699999997,2.568165951321589
1990-02-01 to 1990-02-14,0.009375100000000003,0.0141500470104095
1988-12-22 to 1989-01-06,0.0125,0.006549332777609768
1990-03-02 to 1990-03-15,0.013504600000000005,0.012328131512250564
2010-11-30 to 2010-12-13,0.10160710000000037,0.2100891511613172
1984-10-26 to 1984-11-08,0.0031808,0.010510605000543693
1999-05-21 to 1999-06-04,0.014397399999999994,0.010927858656687207
2023-04-25 to 2023-05-08,2.0509995000000005,2.696560128987269
2012-06-04 to 2012-06-15,0.3213213000000003,0.3190557261711936
2007-01-25 to 2007-02-07,0.06107129999999996,0.07323612423059316
2005-06-22 to 2005-07-06,0.0380714,0.044276577251147746
1992-09-11 to 1992-09-24,0.0135046,0.01293917905294123
2015-06-26 to 2015-07-10,0.478000299999999,0.6519569899057052
1993-09-22 to 1993-10-05,0.009709800000000001,-0.004101463360942302
1997-09-05 to 1997-09-18,0.005636400000000002,0.012109964913946038
1987-01-16 to 1987-01-29,0.008816800000000003,0.011412577619480843
1994-12-28 to 1995-01-11,0.01540169999999999,0.013281027592580014
2019-07-31 to 2019-08-13,1.0577503999999975,1.299315785476757
2011-07-06 to 2011-07-19,0.3075357000000002,0.2584578667186742
2019-04-22 to 2019-05-03,1.275999,0.6569021781785984
1997-03-03 to 1997-03-14,0.008747300000000003,0.01027145474955829
2005-02-28 to 2005-03-11,0.03910720000000001,0.05628255873079362
2012-11-09 to 2012-11-23,0.5856784999999999,0.4019134077603704
2007-02-08 to 2007-02-22,0.08435730000000005,0.07446737558889815
1987-09-03 to 1987-09-17,0.021205399999999996,0.01293917905294123
2021-07-12 to 2021-07-23,2.3630004000000016,3.4640545190801753
2017-05-09 to 2017-05-22,0.37299949999999954,0.5797235579117294
1986-04-03 to 1986-04-16,0.007477699999999999,0.010718033596358112
2020-08-11 to 2020-08-24,5.7264999,3.3349875582378177
1996-10-08 to 1996-10-21,0.008593600000000003,0.012479293407819213
2011-09-15 to 2011-09-28,0.4781428999999996,0.32003534816644796
1986-02-04 to 1986-02-18,0.003683000000000003,0.012013824329330878
2011-03-11 to 2011-03-24,0.18892880000000006,0.23483065537020742
1993-01-06 to 1993-01-19,0.014062100000000032,0.015097888632716326
2018-04-23 to 2018-05-04,0.5827499999999987,0.698395251075692
1982-12-20 to 1983-01-03,0.007031299999999999,0.013534501361055041
1997-03-17 to 1997-03-31,0.005915099999999998,0.012410029800627687
2013-07-17 to 2013-07-30,0.3310717000000004,0.3142113799207137
1982-07-15 to 1982-07-28,0.0005579999999999995,0.005773851246421906
1997-08-21 to 1997-09-04,0.006989699999999999,0.01299502858869834
2002-06-03 to 2002-06-14,0.01498230000000001,0.014798830057321922
2008-10-08 to 2008-10-21,0.237643,0.1960818201627433
2013-04-22 to 2013-05-03,0.4009642999999995,0.3199916873927468
2009-12-02 to 2009-12-15,0.12396440000000002,0.17594992157487457
1981-10-13 to 1981-10-26,0.0006137999999999977,0.01631714381140491
1985-03-07 to 1985-03-20,0.0023439000000000003,0.013128660372730425
2004-03-02 to 2004-03-15,0.014517800000000008,0.013898235550861079
1991-06-07 to 1991-06-20,0.013169500000000011,0.01383304850150218
2014-12-18 to 2015-01-02,0.7379997000000007,0.4295000449724192
2021-09-07 to 2021-09-20,2.6370010999999978,3.696058690337291
2008-03-06 to 2008-03-19,0.1849284999999999,0.16234468452378287
1987-12-29 to 1988-01-12,0.018526799999999993,0.014854605445818953
2011-04-08 to 2011-04-21,0.17403570000000013,0.2646004119211671
1999-08-17 to 1999-08-30,0.03097089999999998,0.017317245884538316
1981-04-23 to 1981-05-06,0.0010601999999999986,0.004956066930082858
2001-12-21 to 2002-01-07,0.015553400000000005,0.009260773267588921
2021-10-05 to 2021-10-18,2.1259979000000016,2.8901009190639226
1984-04-09 to 1984-04-23,0.0065848000000000035,0.030221490395381197
2005-04-26 to 2005-05-09,0.05464290000000001,0.04113573575612894
1994-03-28 to 1994-04-11,0.017299099999999998,0.010921979375130612
2020-10-07 to 2020-10-20,3.3840012000000046,2.759079314492429
2023-09-01 to 2023-09-15,3.297001600000004,2.8593690064687434
1983-08-22 to 1983-09-02,0.0105466,0.010494590896581144
1990-12-14 to 1990-12-28,0.01283479999999999,0.0129112107174038
2007-12-21 to 2008-01-07,0.3374284999999997,0.21937844138921667
1988-04-22 to 1988-05-05,0.009039999999999998,0.012682621220574808
2005-07-07 to 2005-07-20,0.03464279999999993,0.04668546937390749
2003-09-09 to 2003-09-22,0.016857199999999996,0.014758464861203793
2006-04-24 to 2006-05-05,0.08017870000000009,0.06494952068543847
2000-09-11 to 2000-09-22,0.05892860000000001,0.05603082204336301
1995-02-09 to 1995-02-23,0.0116348,0.014545246170419064
1988-04-08 to 1988-04-21,0.008370499999999998,0.019985354731239847
2009-09-22 to 2009-10-05,0.08092829999999988,0.1635030815419046
2022-04-11 to 2022-04-25,5.986999500000001,4.371886052318649
2003-06-13 to 2003-06-26,0.012017699999999997,0.013387179655984254
1985-07-16 to 1985-07-29,0.0015627000000000002,0.012979605885150612
1998-10-29 to 1998-11-11,0.012444300000000009,0.021283083136925566
1997-12-01 to 1997-12-12,0.004241199999999999,0.012409023489340441
2000-12-19 to 2001-01-03,0.022656199999999998,0.01288532254693393
1991-04-11 to 1991-04-24,0.016294499999999996,0.015539710218349434
1988-09-14 to 1988-09-27,0.011607100000000004,0.012244776958194866
1998-11-27 to 1998-12-10,0.013448500000000002,0.02539290515118641
1983-01-18 to 1983-01-31,0.009151699999999999,0.010072245949517574
1992-06-03 to 1992-06-16,0.01685270000000002,0.015913666100721462
2006-05-22 to 2006-06-05,0.08017840000000005,0.06603556078368203
2018-11-08 to 2018-11-21,1.2060000000000002,1.4857746165292591
2002-02-06 to 2002-02-20,0.030303500000000004,0.015044025129516888
1988-02-10 to 1988-02-24,0.012276899999999997,0.012815178803335077
1986-10-21 to 1986-11-03,0.0053012999999999975,0.01084574633610699
2016-08-05 to 2016-08-18,0.28850009999999954,0.41576312390914905
2012-01-25 to 2012-02-07,0.4247502000000004,0.2661028197009201
2010-12-14 to 2010-12-28,0.13907129999999998,0.21096274260424985
1995-11-24 to 1995-12-07,0.014174100000000005,0.014798830057321922
2021-11-02 to 2021-11-15,3.830001699999994,2.9259167295734865
2008-06-16 to 2008-06-27,0.24660680000000018,0.17729644404902406
2015-11-17 to 2015-12-01,0.6112503000000007,0.5053069240313949
1992-07-16 to 1992-07-29,0.011830000000000007,0.010372030735385243
2012-03-08 to 2012-03-21,0.3875715999999997,0.362092811657876
2007-05-07 to 2007-05-18,0.1064283999999998,0.14195213153658476
1984-12-24 to 1985-01-08,0.0032924000000000035,0.008973345289364899
2006-07-19 to 2006-08-01,0.07885700000000004,0.08144576929122906
2019-05-20 to 2019-06-03,0.9157495000000011,1.0437861394574692
2005-07-21 to 2005-08-03,0.04542849999999994,0.044255333973510204
1997-06-25 to 1997-07-09,0.0092076,0.012109964913946038
2001-05-15 to 2001-05-29,0.017071300000000005,0.015969441489218496
2017-03-27 to 2017-04-07,0.339750200000001,0.5172472881430067
2011-08-03 to 2011-08-16,0.34346459999999973,0.2952603412988456
2000-07-28 to 2000-08-10,0.044308099999999996,0.04249476708484841
1991-02-27 to 1991-03-12,0.028906200000000003,0.011030166096224038
2016-11-14 to 2016-11-28,0.46875000000000033,0.4483201690036093
1995-05-22 to 1995-06-05,0.007365899999999997,0.01383304850150218
1983-05-12 to 1983-05-25,0.007812400000000008,0.007330381097554192
1992-11-06 to 1992-11-19,0.012388599999999982,0.012630813577659765
2011-03-25 to 2011-04-07,0.2106424999999998,0.21598981789551114
1983-04-14 to 1983-04-27,0.008817199999999997,-0.0034681694771233214
1986-01-07 to 1986-01-20,0.004129600000000002,0.010862214176585255
1982-06-02 to 1982-06-15,0.0007253999999999996,-0.04583104965274029
1995-02-24 to 1995-03-09,0.014076400000000006,0.011142837299422772
2005-09-30 to 2005-10-13,0.06599970000000004,0.05982351981914621
1984-09-14 to 1984-09-27,0.0025667999999999984,0.012109964913946038
1989-03-07 to 1989-03-20,0.008035999999999993,0.015075463370111113
1996-06-28 to 1996-07-12,0.0078264,0.013035381273647643
2007-10-11 to 2007-10-24,0.18742860000000006,0.2015681255073886
2014-05-16 to 2014-05-30,0.38896489999999984,0.41636306726659084
1992-08-13 to 1992-08-26,0.013057999999999986,0.026033165823492965
2018-08-15 to 2018-08-28,1.2229997999999989,0.906084274114768
2002-10-09 to 2002-10-22,0.0129998,0.01618181527647482
2023-07-07 to 2023-07-20,2.5069991999999957,2.995918042909168
1983-11-01 to 1983-11-14,0.0036271,0.012979605885150612
2010-10-04 to 2010-10-15,0.21849980000000038,0.24787163895452524
2022-09-19 to 2022-09-30,4.188001900000009,4.3593189401237105
1992-12-07 to 1992-12-18,0.012499800000000016,0.02272170234633462
1989-02-06 to 1989-02-17,0.009263400000000005,0.014798830057321922
2000-07-14 to 2000-07-27,0.04949760000000001,0.04714962240850552
2017-03-13 to 2017-03-24,0.4000002000000002,0.4491104035968116
2015-09-08 to 2015-09-21,0.6885002999999997,0.4543060869555237
1989-09-25 to 1989-10-06,0.021316900000000007,0.014229253972798988
2011-12-23 to 2012-01-09,0.1588929000000002,0.26776932782576274
1985-10-10 to 1985-10-23,0.0013951000000000005,0.011567955483812955
1981-02-10 to 1981-02-24,0.0006696000000000008,-0.03142289462261143
2015-01-05 to 2015-01-16,0.6980003999999997,0.5056436586975046
2013-12-06 to 2013-12-19,0.27914279999999925,0.3100102768321137
2002-04-05 to 2002-04-18,0.014642900000000004,0.01240767743063691
1999-07-06 to 1999-07-19,0.019029299999999992,0.0194098888334473
1994-10-17 to 1994-10-28,0.012821100000000002,0.01281507013278864
2017-02-10 to 2017-02-24,0.3252496999999998,0.5856119954545455
2008-08-26 to 2008-09-09,0.31185730000000034,0.2420664192982456
2023-01-27 to 2023-02-09,2.6369964000000037,3.6113360358208912
2012-12-10 to 2012-12-21,0.4207500000000003,0.34109667619047607
1993-12-16 to 1993-12-30,0.0133926,0.17643720833333332
2008-01-08 to 2008-01-22,0.24717849999999997,0.2810553887850467
2014-09-10 to 2014-09-23,0.4442504999999993,0.5334001874999994
2008-06-30 to 2008-07-14,0.24625010000000006,0.2420664192982456
2014-01-22 to 2014-02-04,0.29417869999999946,0.46143378985507244
2013-03-22 to 2013-04-05,0.36099999999999977,0.3420894199999999
2019-01-09 to 2019-01-23,0.9119997000000005,0.6734661909090908
1989-05-03 to 1989-05-16,0.011160500000000007,0.17643720833333332
1996-12-04 to 1996-12-17,0.008258899999999996,0.17643720833333332
2013-08-28 to 2013-09-11,0.35039229999999916,0.3317138428571428
2019-08-28 to 2019-09-11,0.8835003000000021,1.2705277888888886
1990-05-29 to 1990-06-11,0.010602700000000003,0.17643720833333332
2005-12-27 to 2006-01-10,0.10607150000000001,0.17643720833333332
1993-04-16 to 1993-04-29,0.014397299999999997,0.17643720833333332
2013-06-04 to 2013-06-17,0.33950010000000025,0.3129568481132077
2013-04-08 to 2013-04-19,0.39317860000000027,0.34109667619047607
2013-03-08 to 2013-03-21,0.3158213000000005,0.3317138428571428
1993-03-18 to 1993-03-31,0.014397399999999994,0.17643720833333332
2010-08-20 to 2010-09-02,0.1418215,0.2420664192982456
2004-10-19 to 2004-11-01,0.027410499999999994,0.17643720833333332
2013-10-10 to 2013-10-23,0.3460000999999998,0.34109667619047607
2017-11-27 to 2017-12-08,0.46024979999999827,0.8808248399999996
1998-03-13 to 1998-03-26,0.006640999999999997,0.17643720833333332
2020-04-17 to 2020-04-30,2.007000699999999,1.4303249968253975
2019-12-06 to 2019-12-19,1.2349999999999994,1.4112631402173939
1984-05-22 to 1984-06-05,0.0041853999999999945,0.17643720833333332
1989-12-19 to 1990-01-03,0.013281399999999988,0.17643720833333332
1992-05-19 to 1992-06-02,0.012499699999999997,0.17643720833333332
1981-10-27 to 1981-11-09,0.0006137999999999963,0.17643720833333332
2001-06-13 to 2001-06-26,0.0236427,0.17643720833333332
2011-11-10 to 2011-11-23,0.21732149999999972,0.29230149629629626
1984-06-06 to 1984-06-19,0.006473400000000002,0.17643720833333332
1997-06-11 to 1997-06-24,0.004464300000000004,0.17643720833333332
2001-09-07 to 2001-09-26,0.014375200000000015,0.17643720833333332
2015-08-24 to 2015-09-04,0.6117496000000002,0.651885625
1985-07-01 to 1985-07-15,0.0015623999999999985,0.17643720833333332
2001-10-25 to 2001-11-07,0.015267900000000001,0.17643720833333332
2023-05-23 to 2023-06-06,2.5839980999999965,2.8503242187969935
1991-11-12 to 1991-11-25,0.012276499999999996,0.17643720833333332
2000-01-07 to 2000-01-21,0.06155130000000001,0.17643720833333332
2006-07-05 to 2006-07-18,0.07400000000000007,0.17643720833333332
1991-01-15 to 1991-01-28,0.01953130000000001,0.17643720833333332
1992-11-20 to 1992-12-04,0.012611699999999986,0.17643720833333332
2004-03-30 to 2004-04-13,0.0159285,0.17643720833333332
1984-03-12 to 1984-03-23,0.0035153999999999975,0.17643720833333332
2009-02-03 to 2009-02-17,0.13464269999999998,0.20624574365079368
2017-06-21 to 2017-07-05,0.4664996000000009,0.5817581061224488
1999-04-23 to 1999-05-06,0.01964290000000001,0.17643720833333332
1987-09-18 to 1987-10-01,0.019531200000000006,0.17643720833333332
1990-07-11 to 1990-07-24,0.016852500000000003,0.17643720833333332
1998-02-27 to 1998-03-12,0.009263299999999999,0.17643720833333332
1999-12-09 to 1999-12-22,0.06015619999999999,0.17643720833333332
1998-08-19 to 1998-09-01,0.017243499999999995,0.17643720833333332
1993-07-27 to 1993-08-09,0.011830199999999996,0.17643720833333332
1996-12-18 to 1997-01-02,0.006668499999999999,0.17643720833333332
2020-05-15 to 2020-05-29,2.1157494000000012,2.057871521621625
1987-10-02 to 1987-10-15,0.054687299999999994,0.17643720833333332
1982-04-05 to 1982-04-19,0.0005581000000000003,0.17643720833333332
1993-09-08 to 1993-09-21,0.008370400000000005,0.17643720833333332
2012-05-04 to 2012-05-17,0.5590356999999994,0.5334001874999994
1992-05-05 to 1992-05-18,0.012834500000000026,0.17643720833333332
2016-10-17 to 2016-10-28,0.5839998999999996,0.5653828222222222
2007-03-23 to 2007-04-05,0.052893099999999915,0.20624574365079368
1997-07-10 to 1997-07-23,0.007826300000000003,0.17643720833333332
1997-11-14 to 1997-11-28,0.006026700000000001,0.17643720833333332
1995-01-26 to 1995-02-08,0.010770100000000005,0.17643720833333332
2022-10-17 to 2022-10-28,5.253997899999996,3.8328488057554013
2004-11-16 to 2004-11-30,0.04080360000000003,0.17643720833333332
2020-11-18 to 2020-12-02,2.539000699999997,2.5033411268292727
1990-02-01 to 1990-02-14,0.009375100000000003,0.17643720833333332
1988-12-22 to 1989-01-06,0.0125,0.17643720833333332
1990-03-02 to 1990-03-15,0.013504600000000005,0.17643720833333332
2010-11-30 to 2010-12-13,0.10160710000000037,0.2559623454545455
1984-10-26 to 1984-11-08,0.0031808,0.17643720833333332
1999-05-21 to 1999-06-04,0.014397399999999994,0.17643720833333332
2023-04-25 to 2023-05-08,2.0509995000000005,2.7331223417266286
2012-06-04 to 2012-06-15,0.3213213000000003,0.4469999416666666
2007-01-25 to 2007-02-07,0.06107129999999996,0.17643720833333332
2005-06-22 to 2005-07-06,0.0380714,0.17643720833333332
1992-09-11 to 1992-09-24,0.0135046,0.17643720833333332
2015-06-26 to 2015-07-10,0.478000299999999,0.5960405148148147
1993-09-22 to 1993-10-05,0.009709800000000001,0.17643720833333332
1997-09-05 to 1997-09-18,0.005636400000000002,0.17643720833333332
1987-01-16 to 1987-01-29,0.008816800000000003,0.17643720833333332
1994-12-28 to 1995-01-11,0.01540169999999999,0.17643720833333332
2019-07-31 to 2019-08-13,1.0577503999999975,1.3024513784946243
2011-07-06 to 2011-07-19,0.3075357000000002,0.29230149629629626
2019-04-22 to 2019-05-03,1.275999,1.0134857828571426
1997-03-03 to 1997-03-14,0.008747300000000003,0.17643720833333332
2005-02-28 to 2005-03-11,0.03910720000000001,0.17643720833333332
2012-11-09 to 2012-11-23,0.5856784999999999,0.5334001874999994
2007-02-08 to 2007-02-22,0.08435730000000005,0.17643720833333332
1987-09-03 to 1987-09-17,0.021205399999999996,0.17643720833333332
2021-07-12 to 2021-07-23,2.3630004000000016,3.6602138410810845
2017-05-09 to 2017-05-22,0.37299949999999954,0.657899624137931
1986-04-03 to 1986-04-16,0.007477699999999999,0.17643720833333332
2020-08-11 to 2020-08-24,5.7264999,3.472053983333334
1996-10-08 to 1996-10-21,0.008593600000000003,0.17643720833333332
2011-09-15 to 2011-09-28,0.4781428999999996,0.29230149629629626
1986-02-04 to 1986-02-18,0.003683000000000003,0.17643720833333332
2011-03-11 to 2011-03-24,0.18892880000000006,0.2810553887850467
1993-01-06 to 1993-01-19,0.014062100000000032,0.17643720833333332
2018-04-23 to 2018-05-04,0.5827499999999987,0.8678715823529405
1982-12-20 to 1983-01-03,0.007031299999999999,0.17643720833333332
1997-03-17 to 1997-03-31,0.005915099999999998,0.17643720833333332
2013-07-17 to 2013-07-30,0.3310717000000004,0.3129568481132077
1982-07-15 to 1982-07-28,0.0005579999999999995,0.17643720833333332
1997-08-21 to 1997-09-04,0.006989699999999999,0.17643720833333332
2002-06-03 to 2002-06-14,0.01498230000000001,0.17643720833333332
2008-10-08 to 2008-10-21,0.237643,0.20872852307692305
2013-04-22 to 2013-05-03,0.4009642999999995,0.3317138428571428
2009-12-02 to 2009-12-15,0.12396440000000002,0.2420664192982456
1981-10-13 to 1981-10-26,0.0006137999999999977,0.17643720833333332
1985-03-07 to 1985-03-20,0.0023439000000000003,0.17643720833333332
2004-03-02 to 2004-03-15,0.014517800000000008,0.17643720833333332
1991-06-07 to 1991-06-20,0.013169500000000011,0.17643720833333332
2014-12-18 to 2015-01-02,0.7379997000000007,0.5624415545454542
2021-09-07 to 2021-09-20,2.6370010999999978,3.925677755454537
2008-03-06 to 2008-03-19,0.1849284999999999,0.20872852307692305
1987-12-29 to 1988-01-12,0.018526799999999993,0.17643720833333332
2011-04-08 to 2011-04-21,0.17403570000000013,0.29230149629629626
1999-08-17 to 1999-08-30,0.03097089999999998,0.17643720833333332
1981-04-23 to 1981-05-06,0.0010601999999999986,0.17643720833333332
2001-12-21 to 2002-01-07,0.015553400000000005,0.17643720833333332
2021-10-05 to 2021-10-18,2.1259979000000016,3.03059858275862
1984-04-09 to 1984-04-23,0.0065848000000000035,0.17643720833333332
2005-04-26 to 2005-05-09,0.05464290000000001,0.17643720833333332
1994-03-28 to 1994-04-11,0.017299099999999998,0.17643720833333332
2020-10-07 to 2020-10-20,3.3840012000000046,2.9060580948717956
2023-09-01 to 2023-09-15,3.297001600000004,2.9286188102649042
1983-08-22 to 1983-09-02,0.0105466,0.17643720833333332
1990-12-14 to 1990-12-28,0.01283479999999999,0.17643720833333332
2007-12-21 to 2008-01-07,0.3374284999999997,0.2810553887850467
1988-04-22 to 1988-05-05,0.009039999999999998,0.17643720833333332
2005-07-07 to 2005-07-20,0.03464279999999993,0.17643720833333332
2003-09-09 to 2003-09-22,0.016857199999999996,0.17643720833333332
2006-04-24 to 2006-05-05,0.08017870000000009,0.17643720833333332
2000-09-11 to 2000-09-22,0.05892860000000001,0.17643720833333332
1995-02-09 to 1995-02-23,0.0116348,0.17643720833333332
1988-04-08 to 1988-04-21,0.008370499999999998,0.17643720833333332
2009-09-22 to 2009-10-05,0.08092829999999988,0.2420664192982456
2022-04-11 to 2022-04-25,5.986999500000001,3.9362522157024693
2003-06-13 to 2003-06-26,0.012017699999999997,0.17643720833333332
1985-07-16 to 1985-07-29,0.0015627000000000002,0.17643720833333332
1998-10-29 to 1998-11-11,0.012444300000000009,0.17643720833333332
1997-12-01 to 1997-12-12,0.004241199999999999,0.17643720833333332
2000-12-19 to 2001-01-03,0.022656199999999998,0.17643720833333332
1991-04-11 to 1991-04-24,0.016294499999999996,0.17643720833333332
1988-09-14 to 1988-09-27,0.011607100000000004,0.17643720833333332
1998-11-27 to 1998-12-10,0.013448500000000002,0.17643720833333332
1983-01-18 to 1983-01-31,0.009151699999999999,0.17643720833333332
1992-06-03 to 1992-06-16,0.01685270000000002,0.17643720833333332
2006-05-22 to 2006-06-05,0.08017840000000005,0.17643720833333332
2018-11-08 to 2018-11-21,1.2060000000000002,1.7104096870192327
2002-02-06 to 2002-02-20,0.030303500000000004,0.17643720833333332
1988-02-10 to 1988-02-24,0.012276899999999997,0.17643720833333332
1986-10-21 to 1986-11-03,0.0053012999999999975,0.17643720833333332
2016-08-05 to 2016-08-18,0.28850009999999954,0.5334001874999994
2012-01-25 to 2012-02-07,0.4247502000000004,0.3129568481132077
2010-12-14 to 2010-12-28,0.13907129999999998,0.2559623454545455
1995-11-24 to 1995-12-07,0.014174100000000005,0.17643720833333332
2021-11-02 to 2021-11-15,3.830001699999994,2.6192991064516096
2008-06-16 to 2008-06-27,0.24660680000000018,0.2420664192982456
2015-11-17 to 2015-12-01,0.6112503000000007,0.5856119954545455
1992-07-16 to 1992-07-29,0.011830000000000007,0.17643720833333332
2012-03-08 to 2012-03-21,0.3875715999999997,0.5334001874999994
2007-05-07 to 2007-05-18,0.1064283999999998,0.20624574365079368
1984-12-24 to 1985-01-08,0.0032924000000000035,0.17643720833333332
2006-07-19 to 2006-08-01,0.07885700000000004,0.17643720833333332
2019-05-20 to 2019-06-03,0.9157495000000011,1.0934602818181813
2005-07-21 to 2005-08-03,0.04542849999999994,0.17643720833333332
1997-06-25 to 1997-07-09,0.0092076,0.17643720833333332
2001-05-15 to 2001-05-29,0.017071300000000005,0.17643720833333332
2017-03-27 to 2017-04-07,0.339750200000001,0.5817581061224488
2011-08-03 to 2011-08-16,0.34346459999999973,0.3129568481132077
2000-07-28 to 2000-08-10,0.044308099999999996,0.17643720833333332
1991-02-27 to 1991-03-12,0.028906200000000003,0.17643720833333332
2016-11-14 to 2016-11-28,0.46875000000000033,0.5817581061224488
1995-05-22 to 1995-06-05,0.007365899999999997,0.17643720833333332
1983-05-12 to 1983-05-25,0.007812400000000008,0.17643720833333332
1992-11-06 to 1992-11-19,0.012388599999999982,0.17643720833333332
2011-03-25 to 2011-04-07,0.2106424999999998,0.2810553887850467
1983-04-14 to 1983-04-27,0.008817199999999997,0.17643720833333332
1986-01-07 to 1986-01-20,0.004129600000000002,0.17643720833333332
1982-06-02 to 1982-06-15,0.0007253999999999996,0.17643720833333332
1995-02-24 to 1995-03-09,0.014076400000000006,0.17643720833333332
2005-09-30 to 2005-10-13,0.06599970000000004,0.17643720833333332
1984-09-14 to 1984-09-27,0.0025667999999999984,0.17643720833333332
1989-03-07 to 1989-03-20,0.008035999999999993,0.17643720833333332
1996-06-28 to 1996-07-12,0.0078264,0.17643720833333332
2007-10-11 to 2007-10-24,0.18742860000000006,0.2810553887850467
2014-05-16 to 2014-05-30,0.38896489999999984,0.5334001874999994
1992-08-13 to 1992-08-26,0.013057999999999986,0.17643720833333332
2018-08-15 to 2018-08-28,1.2229997999999989,1.2185125923076925
2002-10-09 to 2002-10-22,0.0129998,0.17643720833333332
2023-07-07 to 2023-07-20,2.5069991999999957,2.9562988508771992
1983-11-01 to 1983-11-14,0.0036271,0.17643720833333332
2010-10-04 to 2010-10-15,0.21849980000000038,0.29230149629629626
2022-09-19 to 2022-09-30,4.188001900000009,4.248417775303642
1992-12-07 to 1992-12-18,0.012499800000000016,0.17643720833333332
1989-02-06 to 1989-02-17,0.009263400000000005,0.17643720833333332
2000-07-14 to 2000-07-27,0.04949760000000001,0.17643720833333332
2017-03-13 to 2017-03-24,0.4000002000000002,0.5653828222222222
2015-09-08 to 2015-09-21,0.6885002999999997,0.5817581061224488
1989-09-25 to 1989-10-06,0.021316900000000007,0.17643720833333332
2011-12-23 to 2012-01-09,0.1588929000000002,0.29230149629629626
1985-10-10 to 1985-10-23,0.0013951000000000005,0.17643720833333332
1981-02-10 to 1981-02-24,0.0006696000000000008,0.17643720833333332
2015-01-05 to 2015-01-16,0.6980003999999997,0.5817581061224488
2013-12-06 to 2013-12-19,0.27914279999999925,0.3420894199999999
2002-04-05 to 2002-04-18,0.014642900000000004,0.17643720833333332
1999-07-06 to 1999-07-19,0.019029299999999992,0.17643720833333332
1994-10-17 to 1994-10-28,0.012821100000000002,0.17643720833333332
2017-02-10 to 2017-02-24,0.3252496999999998,0.4098751100000001
2008-08-26 to 2008-09-09,0.31185730000000034,0.16026071
2023-01-27 to 2023-02-09,2.6369964000000037,3.203700880000001
2012-12-10 to 2012-12-21,0.4207500000000003,0.3919427299999995
1993-12-16 to 1993-12-30,0.0133926,0.008298809999999995
2008-01-08 to 2008-01-22,0.24717849999999997,0.3169857600000001
2014-09-10 to 2014-09-23,0.4442504999999993,0.4617142900000003
2008-06-30 to 2008-07-14,0.24625010000000006,0.1666963699999999
2014-01-22 to 2014-02-04,0.29417869999999946,0.3747786299999999
2013-03-22 to 2013-04-05,0.36099999999999977,0.31713920999999995
2019-01-09 to 2019-01-23,0.9119997000000005,0.5625248999999999
1989-05-03 to 1989-05-16,0.011160500000000007,0.01654393
1996-12-04 to 1996-12-17,0.008258899999999996,0.00712738
2013-08-28 to 2013-09-11,0.35039229999999916,0.35992496
2019-08-28 to 2019-09-11,0.8835003000000021,0.96500004
1990-05-29 to 1990-06-11,0.010602700000000003,0.01205821
2005-12-27 to 2006-01-10,0.10607150000000001,0.08159277999999999
1993-04-16 to 1993-04-29,0.014397299999999997,0.016082660000000006
2013-06-04 to 2013-06-17,0.33950010000000025,0.3278714900000001
2013-04-08 to 2013-04-19,0.39317860000000027,0.32967864000000024
2013-03-08 to 2013-03-21,0.3158213000000005,0.3329465400000002
1993-03-18 to 1993-03-31,0.014397399999999994,0.013850459999999998
2010-08-20 to 2010-09-02,0.1418215,0.18904285999999998
2004-10-19 to 2004-11-01,0.027410499999999994,0.04081394
2013-10-10 to 2013-10-23,0.3460000999999998,0.3596499300000001
2017-11-27 to 2017-12-08,0.46024979999999827,0.8732246700000005
1998-03-13 to 1998-03-26,0.006640999999999997,0.01141198
2020-04-17 to 2020-04-30,2.007000699999999,1.5914246699999997
2019-12-06 to 2019-12-19,1.2349999999999994,1.16512469
1984-05-22 to 1984-06-05,0.0041853999999999945,0.0052455700000000015
1989-12-19 to 1990-01-03,0.013281399999999988,0.011696540000000007
1992-05-19 to 1992-06-02,0.012499699999999997,0.016412489999999995
1981-10-27 to 1981-11-09,0.0006137999999999963,0.0006138099999999995
2001-06-13 to 2001-06-26,0.0236427,0.019488220000000007
2011-11-10 to 2011-11-23,0.21732149999999972,0.23823224000000023
1984-06-06 to 1984-06-19,0.006473400000000002,0.00387282
1997-06-11 to 1997-06-24,0.004464300000000004,0.00513397
2001-09-07 to 2001-09-26,0.014375200000000015,0.01597352
2015-08-24 to 2015-09-04,0.6117496000000002,0.5190070800000001
1985-07-01 to 1985-07-15,0.0015623999999999985,0.0018359499999999998
2001-10-25 to 2001-11-07,0.015267900000000001,0.01466479
2023-05-23 to 2023-06-06,2.5839980999999965,3.0787020800000016
1991-11-12 to 1991-11-25,0.012276499999999996,0.01626837
2000-01-07 to 2000-01-21,0.06155130000000001,0.048770060000000025
2006-07-05 to 2006-07-18,0.07400000000000007,0.05671174000000001
1991-01-15 to 1991-01-28,0.01953130000000001,0.01683369000000001
1992-11-20 to 1992-12-04,0.012611699999999986,0.016061719999999995
2004-03-30 to 2004-04-13,0.0159285,0.01730242
1984-03-12 to 1984-03-23,0.0035153999999999975,0.0020423800000000003
2009-02-03 to 2009-02-17,0.13464269999999998,0.11338567000000002
2017-06-21 to 2017-07-05,0.4664996000000009,0.5197501799999997
1999-04-23 to 1999-05-06,0.01964290000000001,0.02406229
1987-09-18 to 1987-10-01,0.019531200000000006,0.015345290000000006
1990-07-11 to 1990-07-24,0.016852500000000003,0.017572829999999998
1998-02-27 to 1998-03-12,0.009263299999999999,0.01079948
1999-12-09 to 1999-12-22,0.06015619999999999,0.05340215999999999
1998-08-19 to 1998-09-01,0.017243499999999995,0.023126600000000004
1993-07-27 to 1993-08-09,0.011830199999999996,0.00992326
1996-12-18 to 1997-01-02,0.006668499999999999,0.008355069999999997
2020-05-15 to 2020-05-29,2.1157494000000012,2.1079000399999996
1987-10-02 to 1987-10-15,0.054687299999999994,0.017140259999999997
1982-04-05 to 1982-04-19,0.0005581000000000003,0.0014174000000000003
1993-09-08 to 1993-09-21,0.008370400000000005,0.008863019999999997
2012-05-04 to 2012-05-17,0.5590356999999994,0.4329071299999999
1992-05-05 to 1992-05-18,0.012834500000000026,0.01702013
2016-10-17 to 2016-10-28,0.5839998999999996,0.4532643000000002
2007-03-23 to 2007-04-05,0.052893099999999915,0.10468561000000005
1997-07-10 to 1997-07-23,0.007826300000000003,0.005602650000000001
1997-11-14 to 1997-11-28,0.006026700000000001,0.00522319
1995-01-26 to 1995-02-08,0.010770100000000005,0.013551150000000007
2022-10-17 to 2022-10-28,5.253997899999996,3.1986010600000023
2004-11-16 to 2004-11-30,0.04080360000000003,0.06445411000000002
2020-11-18 to 2020-12-02,2.539000699999997,2.7317762599999997
1990-02-01 to 1990-02-14,0.009375100000000003,0.010209810000000003
1988-12-22 to 1989-01-06,0.0125,0.012488430000000005
1990-03-02 to 1990-03-15,0.013504600000000005,0.011160769999999997
2010-11-30 to 2010-12-13,0.10160710000000037,0.19416791000000014
1984-10-26 to 1984-11-08,0.0031808,0.00232133
1999-05-21 to 1999-06-04,0.014397399999999994,0.016205590000000002
2023-04-25 to 2023-05-08,2.0509995000000005,3.1763026400000007
2012-06-04 to 2012-06-15,0.3213213000000003,0.3687179100000001
2007-01-25 to 2007-02-07,0.06107129999999996,0.07488565000000001
2005-06-22 to 2005-07-06,0.0380714,0.05555460999999999
1992-09-11 to 1992-09-24,0.0135046,0.014752520000000002
2015-06-26 to 2015-07-10,0.478000299999999,0.5095891200000001
1993-09-22 to 1993-10-05,0.009709800000000001,0.010080869999999999
1997-09-05 to 1997-09-18,0.005636400000000002,0.007770580000000002
1987-01-16 to 1987-01-29,0.008816800000000003,0.008646190000000002
1994-12-28 to 1995-01-11,0.01540169999999999,0.016540290000000003
2019-07-31 to 2019-08-13,1.0577503999999975,1.03729988
2011-07-06 to 2011-07-19,0.3075357000000002,0.24063227000000015
2019-04-22 to 2019-05-03,1.275999,0.8972749899999994
1997-03-03 to 1997-03-14,0.008747300000000003,0.005904000000000001
2005-02-28 to 2005-03-11,0.03910720000000001,0.054362800000000024
2012-11-09 to 2012-11-23,0.5856784999999999,0.4016927899999999
2007-02-08 to 2007-02-22,0.08435730000000005,0.10286069999999999
1987-09-03 to 1987-09-17,0.021205399999999996,0.015065169999999994
2021-07-12 to 2021-07-23,2.3630004000000016,2.9404753900000005
2017-05-09 to 2017-05-22,0.37299949999999954,0.60074998
1986-04-03 to 1986-04-16,0.007477699999999999,0.005284729999999999
2020-08-11 to 2020-08-24,5.7264999,3.772725659999999
1996-10-08 to 1996-10-21,0.008593600000000003,0.010457809999999998
2011-09-15 to 2011-09-28,0.4781428999999996,0.2961322300000001
1986-02-04 to 1986-02-18,0.003683000000000003,0.00406814
2011-03-11 to 2011-03-24,0.18892880000000006,0.2057214800000001
1993-01-06 to 1993-01-19,0.014062100000000032,0.017411270000000003
2018-04-23 to 2018-05-04,0.5827499999999987,0.8657497599999999
1982-12-20 to 1983-01-03,0.007031299999999999,0.0037834700000000014
1997-03-17 to 1997-03-31,0.005915099999999998,0.00581477
2013-07-17 to 2013-07-30,0.3310717000000004,0.34937520000000005
1982-07-15 to 1982-07-28,0.0005579999999999995,0.0006193799999999999
1997-08-21 to 1997-09-04,0.006989699999999999,0.008219820000000001
2002-06-03 to 2002-06-14,0.01498230000000001,0.018651100000000007
2008-10-08 to 2008-10-21,0.237643,0.2335321399999999
2013-04-22 to 2013-05-03,0.4009642999999995,0.3113714399999998
2009-12-02 to 2009-12-15,0.12396440000000002,0.1854176599999999
1981-10-13 to 1981-10-26,0.0006137999999999977,0.0006193899999999997
1985-03-07 to 1985-03-20,0.0023439000000000003,0.004397279999999999
2004-03-02 to 2004-03-15,0.014517800000000008,0.023254460000000008
1991-06-07 to 1991-06-20,0.013169500000000011,0.01143754
2014-12-18 to 2015-01-02,0.7379997000000007,0.45732512000000003
2021-09-07 to 2021-09-20,2.6370010999999978,4.0509006
2008-03-06 to 2008-03-19,0.1849284999999999,0.17528570999999998
1987-12-29 to 1988-01-12,0.018526799999999993,0.015268559999999995
2011-04-08 to 2011-04-21,0.17403570000000013,0.2570749600000001
1999-08-17 to 1999-08-30,0.03097089999999998,0.02287271000000001
1981-04-23 to 1981-05-06,0.0010601999999999986,0.0009096500000000016
2001-12-21 to 2002-01-07,0.015553400000000005,0.014331790000000006
2021-10-05 to 2021-10-18,2.1259979000000016,3.1088004300000005
1984-04-09 to 1984-04-23,0.0065848000000000035,0.00396205
2005-04-26 to 2005-05-09,0.05464290000000001,0.05492723000000001
1994-03-28 to 1994-04-11,0.017299099999999998,0.010747749999999997
2020-10-07 to 2020-10-20,3.3840012000000046,2.84717485
2023-09-01 to 2023-09-15,3.297001600000004,3.6636005900000006
1983-08-22 to 1983-09-02,0.0105466,0.006144039999999998
1990-12-14 to 1990-12-28,0.01283479999999999,0.012770960000000003
2007-12-21 to 2008-01-07,0.3374284999999997,0.19541786999999997
1988-04-22 to 1988-05-05,0.009039999999999998,0.013191530000000003
2005-07-07 to 2005-07-20,0.03464279999999993,0.05848524000000003
2003-09-09 to 2003-09-22,0.016857199999999996,0.012939919999999997
2006-04-24 to 2006-05-05,0.08017870000000009,0.05521204999999997
2000-09-11 to 2000-09-22,0.05892860000000001,0.06349263
1995-02-09 to 1995-02-23,0.0116348,0.014568290000000001
1988-04-08 to 1988-04-21,0.008370499999999998,0.01097087
2009-09-22 to 2009-10-05,0.08092829999999988,0.20059637000000002
2022-04-11 to 2022-04-25,5.986999500000001,3.796900720000001
2003-06-13 to 2003-06-26,0.012017699999999997,0.014424720000000005
1985-07-16 to 1985-07-29,0.0015627000000000002,0.0020814300000000004
1998-10-29 to 1998-11-11,0.012444300000000009,0.01741693
1997-12-01 to 1997-12-12,0.004241199999999999,0.00555811
2000-12-19 to 2001-01-03,0.022656199999999998,0.01622087
1991-04-11 to 1991-04-24,0.016294499999999996,0.023148859999999997
1988-09-14 to 1988-09-27,0.011607100000000004,0.011227759999999996
1998-11-27 to 1998-12-10,0.013448500000000002,0.016023910000000002
1983-01-18 to 1983-01-31,0.009151699999999999,0.006562549999999998
1992-06-03 to 1992-06-16,0.01685270000000002,0.015414329999999995
2006-05-22 to 2006-06-05,0.08017840000000005,0.06710704000000003
2018-11-08 to 2018-11-21,1.2060000000000002,1.1353747799999998
2002-02-06 to 2002-02-20,0.030303500000000004,0.01838419
1988-02-10 to 1988-02-24,0.012276899999999997,0.011583260000000003
1986-10-21 to 1986-11-03,0.0053012999999999975,0.004341610000000001
2016-08-05 to 2016-08-18,0.28850009999999954,0.4170001700000001
2012-01-25 to 2012-02-07,0.4247502000000004,0.32416786
2010-12-14 to 2010-12-28,0.13907129999999998,0.20342862000000003
1995-11-24 to 1995-12-07,0.014174100000000005,0.012869000000000002
2021-11-02 to 2021-11-15,3.830001699999994,3.041200729999999
2008-06-16 to 2008-06-27,0.24660680000000018,0.2018534999999999
2015-11-17 to 2015-12-01,0.6112503000000007,0.6571998700000001
1992-07-16 to 1992-07-29,0.011830000000000007,0.014551320000000001
2012-03-08 to 2012-03-21,0.3875715999999997,0.37915714999999967
2007-05-07 to 2007-05-18,0.1064283999999998,0.11942865
1984-12-24 to 1985-01-08,0.0032924000000000035,0.00421329
2006-07-19 to 2006-08-01,0.07885700000000004,0.07224932000000003
2019-05-20 to 2019-06-03,0.9157495000000011,0.9836746400000003
2005-07-21 to 2005-08-03,0.04542849999999994,0.061462270000000006
1997-06-25 to 1997-07-09,0.0092076,0.005552510000000002
2001-05-15 to 2001-05-29,0.017071300000000005,0.019255799999999997
2017-03-27 to 2017-04-07,0.339750200000001,0.70742493
2011-08-03 to 2011-08-16,0.34346459999999973,0.33862151000000007
2000-07-28 to 2000-08-10,0.044308099999999996,0.07035229000000001
1991-02-27 to 1991-03-12,0.028906200000000003,0.018520540000000005
2016-11-14 to 2016-11-28,0.46875000000000033,0.3463249800000003
1995-05-22 to 1995-06-05,0.007365899999999997,0.01093788
1983-05-12 to 1983-05-25,0.007812400000000008,0.011534819999999996
1992-11-06 to 1992-11-19,0.012388599999999982,0.01664072
2011-03-25 to 2011-04-07,0.2106424999999998,0.21304647000000018
1983-04-14 to 1983-04-27,0.008817199999999997,0.00811092
1986-01-07 to 1986-01-20,0.004129600000000002,0.003961990000000001
1982-06-02 to 1982-06-15,0.0007253999999999996,0.0005970599999999998
1995-02-24 to 1995-03-09,0.014076400000000006,0.011628349999999999
2005-09-30 to 2005-10-13,0.06599970000000004,0.06496423000000004
1984-09-14 to 1984-09-27,0.0025667999999999984,0.002795829999999999
1989-03-07 to 1989-03-20,0.008035999999999993,0.010179689999999995
1996-06-28 to 1996-07-12,0.0078264,0.00915179
2007-10-11 to 2007-10-24,0.18742860000000006,0.29417493
2014-05-16 to 2014-05-30,0.38896489999999984,0.45345355
1992-08-13 to 1992-08-26,0.013057999999999986,0.012816719999999998
2018-08-15 to 2018-08-28,1.2229997999999989,1.0779497699999996
2002-10-09 to 2002-10-22,0.0129998,0.013017879999999999
2023-07-07 to 2023-07-20,2.5069991999999957,3.0867013200000013
1983-11-01 to 1983-11-14,0.0036271,0.0044531399999999995
2010-10-04 to 2010-10-15,0.21849980000000038,0.25738926999999995
2022-09-19 to 2022-09-30,4.188001900000009,3.81400126
1992-12-07 to 1992-12-18,0.012499800000000016,0.016047899999999997
1989-02-06 to 1989-02-17,0.009263400000000005,0.01172155
2000-07-14 to 2000-07-27,0.04949760000000001,0.056946149999999994
2017-03-13 to 2017-03-24,0.4000002000000002,0.41262498999999975
2015-09-08 to 2015-09-21,0.6885002999999997,0.5144748000000001
1989-09-25 to 1989-10-06,0.021316900000000007,0.014590599999999999
2011-12-23 to 2012-01-09,0.1588929000000002,0.24401090000000006
1985-10-10 to 1985-10-23,0.0013951000000000005,0.0026115600000000006
1981-02-10 to 1981-02-24,0.0006696000000000008,0.0007143300000000007
2015-01-05 to 2015-01-16,0.6980003999999997,0.47767494999999993
2013-12-06 to 2013-12-19,0.27914279999999925,0.37794986000000014
2002-04-05 to 2002-04-18,0.014642900000000004,0.017275409999999998
1999-07-06 to 1999-07-19,0.019029299999999992,0.025157739999999994
1994-10-17 to 1994-10-28,0.012821100000000002,0.013646260000000002
2017-02-10 to 2017-02-24,0.3252496999999998,0.39525138100000023
2008-08-26 to 2008-09-09,0.31185730000000034,0.186768185
2023-01-27 to 2023-02-09,2.6369964000000037,3.3006806279999994
2012-12-10 to 2012-12-21,0.4207500000000003,0.42954714200000005
1993-12-16 to 1993-12-30,0.0133926,0.008514842000000002
2008-01-08 to 2008-01-22,0.24717849999999997,0.2954985819999996
2014-09-10 to 2014-09-23,0.4442504999999993,0.46653689700000034
2008-06-30 to 2008-07-14,0.24625010000000006,0.20402746100000002
2014-01-22 to 2014-02-04,0.29417869999999946,0.4028132520000001
2013-03-22 to 2013-04-05,0.36099999999999977,0.3085859830000003
2019-01-09 to 2019-01-23,0.9119997000000005,0.543542442
1989-05-03 to 1989-05-16,0.011160500000000007,0.017364326
1996-12-04 to 1996-12-17,0.008258899999999996,0.007226940000000002
2013-08-28 to 2013-09-11,0.35039229999999916,0.3109764930000003
2019-08-28 to 2019-09-11,0.8835003000000021,1.1100223209999998
1990-05-29 to 1990-06-11,0.010602700000000003,0.012352177000000004
2005-12-27 to 2006-01-10,0.10607150000000001,0.06944684800000003
1993-04-16 to 1993-04-29,0.014397299999999997,0.016548565999999994
2013-06-04 to 2013-06-17,0.33950010000000025,0.31085290600000043
2013-04-08 to 2013-04-19,0.39317860000000027,0.3055096100000002
2013-03-08 to 2013-03-21,0.3158213000000005,0.3099843190000005
1993-03-18 to 1993-03-31,0.014397399999999994,0.014282344999999997
2010-08-20 to 2010-09-02,0.1418215,0.20466499400000007
2004-10-19 to 2004-11-01,0.027410499999999994,0.04480825399999997
2013-10-10 to 2013-10-23,0.3460000999999998,0.3064839790000003
2017-11-27 to 2017-12-08,0.46024979999999827,0.7598400709999997
1998-03-13 to 1998-03-26,0.006640999999999997,0.011236045999999994
2020-04-17 to 2020-04-30,2.007000699999999,1.4689922759999996
2019-12-06 to 2019-12-19,1.2349999999999994,1.2014448790000005
1984-05-22 to 1984-06-05,0.0041853999999999945,0.004612175999999999
1989-12-19 to 1990-01-03,0.013281399999999988,0.011807652000000007
1992-05-19 to 1992-06-02,0.012499699999999997,0.016863092000000003
1981-10-27 to 1981-11-09,0.0006137999999999963,0.0006182779999999986
2001-06-13 to 2001-06-26,0.0236427,0.018526275000000012
2011-11-10 to 2011-11-23,0.21732149999999972,0.28087185600000014
1984-06-06 to 1984-06-19,0.006473400000000002,0.004518470999999999
1997-06-11 to 1997-06-24,0.004464300000000004,0.0055508480000000015
2001-09-07 to 2001-09-26,0.014375200000000015,0.012136590999999999
2015-08-24 to 2015-09-04,0.6117496000000002,0.5376188850000001
1985-07-01 to 1985-07-15,0.0015623999999999985,0.0013521049999999984
2001-10-25 to 2001-11-07,0.015267900000000001,0.015715832000000002
2023-05-23 to 2023-06-06,2.5839980999999965,2.874051179000003
1991-11-12 to 1991-11-25,0.012276499999999996,0.015522459999999993
2000-01-07 to 2000-01-21,0.06155130000000001,0.04053703099999999
2006-07-05 to 2006-07-18,0.07400000000000007,0.07108753400000006
1991-01-15 to 1991-01-28,0.01953130000000001,0.018018192
1992-11-20 to 1992-12-04,0.012611699999999986,0.016186677000000003
2004-03-30 to 2004-04-13,0.0159285,0.016777030999999994
1984-03-12 to 1984-03-23,0.0035153999999999975,0.003740492999999999
2009-02-03 to 2009-02-17,0.13464269999999998,0.111442464
2017-06-21 to 2017-07-05,0.4664996000000009,0.5546374220000003
1999-04-23 to 1999-05-06,0.01964290000000001,0.022846848999999992
1987-09-18 to 1987-10-01,0.019531200000000006,0.015743129000000005
1990-07-11 to 1990-07-24,0.016852500000000003,0.014988891999999997
1998-02-27 to 1998-03-12,0.009263299999999999,0.012044738999999994
1999-12-09 to 1999-12-22,0.06015619999999999,0.052288777
1998-08-19 to 1998-09-01,0.017243499999999995,0.020829273000000002
1993-07-27 to 1993-08-09,0.011830199999999996,0.009754948000000008
1996-12-18 to 1997-01-02,0.006668499999999999,0.007725935999999997
2020-05-15 to 2020-05-29,2.1157494000000012,2.1884697170000025
1987-10-02 to 1987-10-15,0.054687299999999994,0.015592231999999998
1982-04-05 to 1982-04-19,0.0005581000000000003,0.0009904830000000001
1993-09-08 to 1993-09-21,0.008370400000000005,0.008052998
2012-05-04 to 2012-05-17,0.5590356999999994,0.432445666
1992-05-05 to 1992-05-18,0.012834500000000026,0.016678352999999983
2016-10-17 to 2016-10-28,0.5839998999999996,0.44266858900000033
2007-03-23 to 2007-04-05,0.052893099999999915,0.086792433
1997-07-10 to 1997-07-23,0.007826300000000003,0.006041841999999999
1997-11-14 to 1997-11-28,0.006026700000000001,0.005584386
1995-01-26 to 1995-02-08,0.010770100000000005,0.013285980999999995
2022-10-17 to 2022-10-28,5.253997899999996,3.4735080600000003
2004-11-16 to 2004-11-30,0.04080360000000003,0.03973378699999996
2020-11-18 to 2020-12-02,2.539000699999997,2.9726508540000007
1990-02-01 to 1990-02-14,0.009375100000000003,0.010994211000000002
1988-12-22 to 1989-01-06,0.0125,0.012309552999999999
1990-03-02 to 1990-03-15,0.013504600000000005,0.011991573000000002
2010-11-30 to 2010-12-13,0.10160710000000037,0.19918072900000003
1984-10-26 to 1984-11-08,0.0031808,0.004024522999999999
1999-05-21 to 1999-06-04,0.014397399999999994,0.017139129000000003
2023-04-25 to 2023-05-08,2.0509995000000005,2.9550710820000017
2012-06-04 to 2012-06-15,0.3213213000000003,0.339525602
2007-01-25 to 2007-02-07,0.06107129999999996,0.08104959899999996
2005-06-22 to 2005-07-06,0.0380714,0.045701071999999975
1992-09-11 to 1992-09-24,0.0135046,0.013507828999999996
2015-06-26 to 2015-07-10,0.478000299999999,0.5497798730000003
1993-09-22 to 1993-10-05,0.009709800000000001,0.008394230999999997
1997-09-05 to 1997-09-18,0.005636400000000002,0.007513440000000005
1987-01-16 to 1987-01-29,0.008816800000000003,0.010944023999999997
1994-12-28 to 1995-01-11,0.01540169999999999,0.015151234000000003
2019-07-31 to 2019-08-13,1.0577503999999975,1.0357200330000005
2011-07-06 to 2011-07-19,0.3075357000000002,0.2670614940000002
2019-04-22 to 2019-05-03,1.275999,1.0039323840000005
1997-03-03 to 1997-03-14,0.008747300000000003,0.004599359999999999
2005-02-28 to 2005-03-11,0.03910720000000001,0.04573770999999997
2012-11-09 to 2012-11-23,0.5856784999999999,0.39672247499999974
2007-02-08 to 2007-02-22,0.08435730000000005,0.09948785999999993
1987-09-03 to 1987-09-17,0.021205399999999996,0.015375001999999995
2021-07-12 to 2021-07-23,2.3630004000000016,3.4839906919999986
2017-05-09 to 2017-05-22,0.37299949999999954,0.5465473790000002
1986-04-03 to 1986-04-16,0.007477699999999999,0.004162376999999998
2020-08-11 to 2020-08-24,5.7264999,3.369783302999998
1996-10-08 to 1996-10-21,0.008593600000000003,0.011550723999999998
2011-09-15 to 2011-09-28,0.4781428999999996,0.32005259300000005
1986-02-04 to 1986-02-18,0.003683000000000003,0.004066431999999999
2011-03-11 to 2011-03-24,0.18892880000000006,0.220693961
1993-01-06 to 1993-01-19,0.014062100000000032,0.018603029999999986
2018-04-23 to 2018-05-04,0.5827499999999987,0.8052648639999995
1982-12-20 to 1983-01-03,0.007031299999999999,0.004803024999999998
1997-03-17 to 1997-03-31,0.005915099999999998,0.005092976
2013-07-17 to 2013-07-30,0.3310717000000004,0.30530154000000037
1982-07-15 to 1982-07-28,0.0005579999999999995,0.0006260829999999991
1997-08-21 to 1997-09-04,0.006989699999999999,0.007564308
2002-06-03 to 2002-06-14,0.01498230000000001,0.017124181000000002
2008-10-08 to 2008-10-21,0.237643,0.19522209299999996
2013-04-22 to 2013-05-03,0.4009642999999995,0.3157846570000002
2009-12-02 to 2009-12-15,0.12396440000000002,0.16548886100000007
1981-10-13 to 1981-10-26,0.0006137999999999977,0.0005998809999999987
1985-03-07 to 1985-03-20,0.0023439000000000003,0.004614343000000002
2004-03-02 to 2004-03-15,0.014517800000000008,0.022672310999999997
1991-06-07 to 1991-06-20,0.013169500000000011,0.012240218999999997
2014-12-18 to 2015-01-02,0.7379997000000007,0.5134725520000001
2021-09-07 to 2021-09-20,2.6370010999999978,4.076030936000001
2008-03-06 to 2008-03-19,0.1849284999999999,0.17358109999999982
1987-12-29 to 1988-01-12,0.018526799999999993,0.016171063999999995
2011-04-08 to 2011-04-21,0.17403570000000013,0.25660575600000024
1999-08-17 to 1999-08-30,0.03097089999999998,0.01910989899999999
1981-04-23 to 1981-05-06,0.0010601999999999986,0.0007299439999999996
2001-12-21 to 2002-01-07,0.015553400000000005,0.016558517000000005
2021-10-05 to 2021-10-18,2.1259979000000016,3.1949404169999998
1984-04-09 to 1984-04-23,0.0065848000000000035,0.005427445999999998
2005-04-26 to 2005-05-09,0.05464290000000001,0.04402875699999998
1994-03-28 to 1994-04-11,0.017299099999999998,0.010954246999999997
2020-10-07 to 2020-10-20,3.3840012000000046,2.8216579670000015
2023-09-01 to 2023-09-15,3.297001600000004,3.7201404490000005
1983-08-22 to 1983-09-02,0.0105466,0.0058588810000000015
1990-12-14 to 1990-12-28,0.01283479999999999,0.012165214
2007-12-21 to 2008-01-07,0.3374284999999997,0.24966752699999986
1988-04-22 to 1988-05-05,0.009039999999999998,0.011208325000000003
2005-07-07 to 2005-07-20,0.03464279999999993,0.03769348299999998
2003-09-09 to 2003-09-22,0.016857199999999996,0.012664331999999993
2006-04-24 to 2006-05-05,0.08017870000000009,0.05706183599999996
2000-09-11 to 2000-09-22,0.05892860000000001,0.07224146699999995
1995-02-09 to 1995-02-23,0.0116348,0.014060404999999993
1988-04-08 to 1988-04-21,0.008370499999999998,0.012040931999999997
2009-09-22 to 2009-10-05,0.08092829999999988,0.20882391300000003
2022-04-11 to 2022-04-25,5.986999500000001,3.9672627929999997
2003-06-13 to 2003-06-26,0.012017699999999997,0.01838330999999999
1985-07-16 to 1985-07-29,0.0015627000000000002,0.0011328070000000002
1998-10-29 to 1998-11-11,0.012444300000000009,0.020597638999999984
1997-12-01 to 1997-12-12,0.004241199999999999,0.005900062000000004
2000-12-19 to 2001-01-03,0.022656199999999998,0.013528887999999994
1991-04-11 to 1991-04-24,0.016294499999999996,0.020391745999999992
1988-09-14 to 1988-09-27,0.011607100000000004,0.010482890000000007
1998-11-27 to 1998-12-10,0.013448500000000002,0.017097227999999992
1983-01-18 to 1983-01-31,0.009151699999999999,0.0069837059999999975
1992-06-03 to 1992-06-16,0.01685270000000002,0.015150127
2006-05-22 to 2006-06-05,0.08017840000000005,0.07168250699999999
2018-11-08 to 2018-11-21,1.2060000000000002,1.303802448000001
2002-02-06 to 2002-02-20,0.030303500000000004,0.018516717000000005
1988-02-10 to 1988-02-24,0.012276899999999997,0.011871309000000002
1986-10-21 to 1986-11-03,0.0053012999999999975,0.005616648999999999
2016-08-05 to 2016-08-18,0.28850009999999954,0.41709920500000025
2012-01-25 to 2012-02-07,0.4247502000000004,0.3076015300000003
2010-12-14 to 2010-12-28,0.13907129999999998,0.20819213900000008
1995-11-24 to 1995-12-07,0.014174100000000005,0.013005910999999998
2021-11-02 to 2021-11-15,3.830001699999994,2.810331033000001
2008-06-16 to 2008-06-27,0.24660680000000018,0.21205208199999992
2015-11-17 to 2015-12-01,0.6112503000000007,0.7676805549999997
1992-07-16 to 1992-07-29,0.011830000000000007,0.01310033
2012-03-08 to 2012-03-21,0.3875715999999997,0.46790185199999995
2007-05-07 to 2007-05-18,0.1064283999999998,0.1251814119999999
1984-12-24 to 1985-01-08,0.0032924000000000035,0.004586522999999999
2006-07-19 to 2006-08-01,0.07885700000000004,0.07993140700000004
2019-05-20 to 2019-06-03,0.9157495000000011,1.008762408
2005-07-21 to 2005-08-03,0.04542849999999994,0.053101653999999957
1997-06-25 to 1997-07-09,0.0092076,0.007568627000000007
2001-05-15 to 2001-05-29,0.017071300000000005,0.018881623999999993
2017-03-27 to 2017-04-07,0.339750200000001,0.7770723049999994
2011-08-03 to 2011-08-16,0.34346459999999973,0.30373112300000005
2000-07-28 to 2000-08-10,0.044308099999999996,0.057510892
1991-02-27 to 1991-03-12,0.028906200000000003,0.020516615999999988
2016-11-14 to 2016-11-28,0.46875000000000033,0.4282303740000002
1995-05-22 to 1995-06-05,0.007365899999999997,0.012127670999999996
1983-05-12 to 1983-05-25,0.007812400000000008,0.011209701
1992-11-06 to 1992-11-19,0.012388599999999982,0.016103211000000003
2011-03-25 to 2011-04-07,0.2106424999999998,0.20958356300000006
1983-04-14 to 1983-04-27,0.008817199999999997,0.008000061999999997
1986-01-07 to 1986-01-20,0.004129600000000002,0.004502711000000002
1982-06-02 to 1982-06-15,0.0007253999999999996,0.0006165939999999992
1995-02-24 to 1995-03-09,0.014076400000000006,0.011940895999999994
2005-09-30 to 2005-10-13,0.06599970000000004,0.06783910900000001
1984-09-14 to 1984-09-27,0.0025667999999999984,0.004364399
1989-03-07 to 1989-03-20,0.008035999999999993,0.010369991
1996-06-28 to 1996-07-12,0.0078264,0.007220996
2007-10-11 to 2007-10-24,0.18742860000000006,0.2598364409999997
2014-05-16 to 2014-05-30,0.38896489999999984,0.38273571799999956
1992-08-13 to 1992-08-26,0.013057999999999986,0.013111354999999991
2018-08-15 to 2018-08-28,1.2229997999999989,1.15653475
2002-10-09 to 2002-10-22,0.0129998,0.010857924000000003
2023-07-07 to 2023-07-20,2.5069991999999957,3.045220705
1983-11-01 to 1983-11-14,0.0036271,0.005658998000000004
2010-10-04 to 2010-10-15,0.21849980000000038,0.26486039300000014
2022-09-19 to 2022-09-30,4.188001900000009,4.143111157999999
1992-12-07 to 1992-12-18,0.012499800000000016,0.016578450000000005
1989-02-06 to 1989-02-17,0.009263400000000005,0.011661861000000004
2000-07-14 to 2000-07-27,0.04949760000000001,0.054706849999999994
2017-03-13 to 2017-03-24,0.4000002000000002,0.4243817250000002
2015-09-08 to 2015-09-21,0.6885002999999997,0.520513902
1989-09-25 to 1989-10-06,0.021316900000000007,0.012958637999999998
2011-12-23 to 2012-01-09,0.1588929000000002,0.2556596110000001
1985-10-10 to 1985-10-23,0.0013951000000000005,0.0012365950000000007
1981-02-10 to 1981-02-24,0.0006696000000000008,0.0007605920000000004
2015-01-05 to 2015-01-16,0.6980003999999997,0.5118198650000001
2013-12-06 to 2013-12-19,0.27914279999999925,0.32129559199999996
2002-04-05 to 2002-04-18,0.014642900000000004,0.017505009000000002
1999-07-06 to 1999-07-19,0.019029299999999992,0.024577057999999975
1994-10-17 to 1994-10-28,0.012821100000000002,0.016101836000000005
2017-02-10 to 2017-02-24,0.3252496999999998,0.4947440330655144
2008-08-26 to 2008-09-09,0.31185730000000034,0.15500975621016466
2023-01-27 to 2023-02-09,2.6369964000000037,3.8251000623543017
2012-12-10 to 2012-12-21,0.4207500000000003,0.33415047238133067
1993-12-16 to 1993-12-30,0.0133926,0.011854776989940079
2008-01-08 to 2008-01-22,0.24717849999999997,0.43309321084659574
2014-09-10 to 2014-09-23,0.4442504999999993,0.44649824885669026
2008-06-30 to 2008-07-14,0.24625010000000006,0.29498097787841354
2014-01-22 to 2014-02-04,0.29417869999999946,0.16994130825259318
2013-03-22 to 2013-04-05,0.36099999999999977,0.3478217614290951
2019-01-09 to 2019-01-23,0.9119997000000005,0.7915643218317194
1989-05-03 to 1989-05-16,0.011160500000000007,0.007023244674856204
1996-12-04 to 1996-12-17,0.008258899999999996,0.019069731958177787
2013-08-28 to 2013-09-11,0.35039229999999916,0.4887917394621305
2019-08-28 to 2019-09-11,0.8835003000000021,1.233882392662122
1990-05-29 to 1990-06-11,0.010602700000000003,0.008932221620508753
2005-12-27 to 2006-01-10,0.10607150000000001,0.0688831792516349
1993-04-16 to 1993-04-29,0.014397299999999997,0.04394092471599152
2013-06-04 to 2013-06-17,0.33950010000000025,0.29364655965677744
2013-04-08 to 2013-04-19,0.39317860000000027,0.18705108554745484
2013-03-08 to 2013-03-21,0.3158213000000005,0.28396939757477296
1993-03-18 to 1993-03-31,0.014397399999999994,0.0243740021454332
2010-08-20 to 2010-09-02,0.1418215,0.17406104414683632
2004-10-19 to 2004-11-01,0.027410499999999994,0.054353330272679176
2013-10-10 to 2013-10-23,0.3460000999999998,0.3487392006894187
2017-11-27 to 2017-12-08,0.46024979999999827,0.8795947040194522
1998-03-13 to 1998-03-26,0.006640999999999997,-0.06241197871176378
2020-04-17 to 2020-04-30,2.007000699999999,1.8353079930200678
2019-12-06 to 2019-12-19,1.2349999999999994,0.7514592211139904
1984-05-22 to 1984-06-05,0.0041853999999999945,0.030271509586998632
1989-12-19 to 1990-01-03,0.013281399999999988,0.03373309844522128
1992-05-19 to 1992-06-02,0.012499699999999997,0.05110981972981503
1981-10-27 to 1981-11-09,0.0006137999999999963,0.003574305717763779
2001-06-13 to 2001-06-26,0.0236427,0.011754731134350466
2011-11-10 to 2011-11-23,0.21732149999999972,0.35905170827234445
1984-06-06 to 1984-06-19,0.006473400000000002,-0.03173831679102303
1997-06-11 to 1997-06-24,0.004464300000000004,0.007482564041795613
2001-09-07 to 2001-09-26,0.014375200000000015,0.051570415670455574
2015-08-24 to 2015-09-04,0.6117496000000002,1.1628899795409295
1985-07-01 to 1985-07-15,0.0015623999999999985,-0.009620405949556165
2001-10-25 to 2001-11-07,0.015267900000000001,0.01407904228585869
2023-05-23 to 2023-06-06,2.5839980999999965,3.4717954227807897
1991-11-12 to 1991-11-25,0.012276499999999996,-0.03030565095763127
2000-01-07 to 2000-01-21,0.06155130000000001,0.03184832200804125
2006-07-05 to 2006-07-18,0.07400000000000007,0.09182567893023424
1991-01-15 to 1991-01-28,0.01953130000000001,0.011326120210087928
1992-11-20 to 1992-12-04,0.012611699999999986,0.011261400528546094
2004-03-30 to 2004-04-13,0.0159285,0.022844013341526567
1984-03-12 to 1984-03-23,0.0035153999999999975,-0.03121757899434796
2009-02-03 to 2009-02-17,0.13464269999999998,0.14778833797640242
2017-06-21 to 2017-07-05,0.4664996000000009,0.6045910844524418
1999-04-23 to 1999-05-06,0.01964290000000001,-0.005628380509191518
1987-09-18 to 1987-10-01,0.019531200000000006,0.008415460057417092
1990-07-11 to 1990-07-24,0.016852500000000003,0.004885786619832931
1998-02-27 to 1998-03-12,0.009263299999999999,-0.00556617800950282
1999-12-09 to 1999-12-22,0.06015619999999999,0.044401239358412586
1998-08-19 to 1998-09-01,0.017243499999999995,0.07590744541610633
1993-07-27 to 1993-08-09,0.011830199999999996,0.027376118267268337
1996-12-18 to 1997-01-02,0.006668499999999999,0.031170866056896326
2020-05-15 to 2020-05-29,2.1157494000000012,1.5088903260135036
1987-10-02 to 1987-10-15,0.054687299999999994,-0.011847262833905817
1982-04-05 to 1982-04-19,0.0005581000000000003,0.003735301034919432
1993-09-08 to 1993-09-21,0.008370400000000005,-0.0325336500084957
2012-05-04 to 2012-05-17,0.5590356999999994,0.35830152673813476
1992-05-05 to 1992-05-18,0.012834500000000026,0.029829894906210533
2016-10-17 to 2016-10-28,0.5839998999999996,0.40699730206128676
2007-03-23 to 2007-04-05,0.052893099999999915,0.0845216684476294
1997-07-10 to 1997-07-23,0.007826300000000003,-0.012071989979132638
1997-11-14 to 1997-11-28,0.006026700000000001,0.010392633535605975
1995-01-26 to 1995-02-08,0.010770100000000005,0.02019404510875244
2022-10-17 to 2022-10-28,5.253997899999996,4.731898491967685
2004-11-16 to 2004-11-30,0.04080360000000003,0.021192456587516548
2020-11-18 to 2020-12-02,2.539000699999997,3.019185125356834
1990-02-01 to 1990-02-14,0.009375100000000003,0.008361736705258804
1988-12-22 to 1989-01-06,0.0125,0.0062336344078353645
1990-03-02 to 1990-03-15,0.013504600000000005,0.03193441415729267
2010-11-30 to 2010-12-13,0.10160710000000037,0.20990544465892702
1984-10-26 to 1984-11-08,0.0031808,-0.06173134255207174
1999-05-21 to 1999-06-04,0.014397399999999994,0.024451502125801314
2023-04-25 to 2023-05-08,2.0509995000000005,3.694575411764945
2012-06-04 to 2012-06-15,0.3213213000000003,0.39207642622774097
2007-01-25 to 2007-02-07,0.06107129999999996,0.0842756826706516
2005-06-22 to 2005-07-06,0.0380714,0.03608734977928983
1992-09-11 to 1992-09-24,0.0135046,-0.033408433131253135
2015-06-26 to 2015-07-10,0.478000299999999,0.3908942743408547
1993-09-22 to 1993-10-05,0.009709800000000001,-0.0005703997818001863
1997-09-05 to 1997-09-18,0.005636400000000002,-0.024410100199873157
1987-01-16 to 1987-01-29,0.008816800000000003,0.024322597115638223
1994-12-28 to 1995-01-11,0.01540169999999999,-0.04262589125244379
2019-07-31 to 2019-08-13,1.0577503999999975,1.1348014127764154
2011-07-06 to 2011-07-19,0.3075357000000002,0.3378080075670749
2019-04-22 to 2019-05-03,1.275999,0.8083210813479892
1997-03-03 to 1997-03-14,0.008747300000000003,-0.005698721152526273
2005-02-28 to 2005-03-11,0.03910720000000001,0.042302339063673006
2012-11-09 to 2012-11-23,0.5856784999999999,0.45341028675000306
2007-02-08 to 2007-02-22,0.08435730000000005,0.17362037005014846
1987-09-03 to 1987-09-17,0.021205399999999996,0.005226252567047111
2021-07-12 to 2021-07-23,2.3630004000000016,2.690422946889151
2017-05-09 to 2017-05-22,0.37299949999999954,0.6324978469399949
1986-04-03 to 1986-04-16,0.007477699999999999,-0.09487420138923756
2020-08-11 to 2020-08-24,5.7264999,3.354583736305861
1996-10-08 to 1996-10-21,0.008593600000000003,0.03749314746315234
2011-09-15 to 2011-09-28,0.4781428999999996,0.31698393583728535
1986-02-04 to 1986-02-18,0.003683000000000003,-0.03315849466542484
2011-03-11 to 2011-03-24,0.18892880000000006,0.2846354096667784
1993-01-06 to 1993-01-19,0.014062100000000032,0.042968385230077996
2018-04-23 to 2018-05-04,0.5827499999999987,1.0960694221236724
1982-12-20 to 1983-01-03,0.007031299999999999,0.003075711203941678
1997-03-17 to 1997-03-31,0.005915099999999998,0.015523215000286833
2013-07-17 to 2013-07-30,0.3310717000000004,0.2838586520754058
1982-07-15 to 1982-07-28,0.0005579999999999995,0.0002622531224323113
1997-08-21 to 1997-09-04,0.006989699999999999,0.001450986595208259
2002-06-03 to 2002-06-14,0.01498230000000001,0.010787917082242575
2008-10-08 to 2008-10-21,0.237643,0.26450330798114774
2013-04-22 to 2013-05-03,0.4009642999999995,0.20559713137325705
2009-12-02 to 2009-12-15,0.12396440000000002,0.18162489533150497
1981-10-13 to 1981-10-26,0.0006137999999999977,0.0031799848643438156
1985-03-07 to 1985-03-20,0.0023439000000000003,0.03905162011820963
2004-03-02 to 2004-03-15,0.014517800000000008,0.028497015670258613
1991-06-07 to 1991-06-20,0.013169500000000011,-0.026288371329974723
2014-12-18 to 2015-01-02,0.7379997000000007,0.43624788257034314
2021-09-07 to 2021-09-20,2.6370010999999978,3.303506442461055
2008-03-06 to 2008-03-19,0.1849284999999999,0.18903143792719732
1987-12-29 to 1988-01-12,0.018526799999999993,0.02956141478196131
2011-04-08 to 2011-04-21,0.17403570000000013,0.2503046436972733
1999-08-17 to 1999-08-30,0.03097089999999998,0.03185582263929275
1981-04-23 to 1981-05-06,0.0010601999999999986,-0.024235447902447183
2001-12-21 to 2002-01-07,0.015553400000000005,0.02921138187893943
2021-10-05 to 2021-10-18,2.1259979000000016,3.165381678332891
1984-04-09 to 1984-04-23,0.0065848000000000035,0.0007797517408262011
2005-04-26 to 2005-05-09,0.05464290000000001,0.044240668776932196
1994-03-28 to 1994-04-11,0.017299099999999998,0.021799002395629007
2020-10-07 to 2020-10-20,3.3840012000000046,3.5273739337628074
2023-09-01 to 2023-09-15,3.297001600000004,3.5077026217276255
1983-08-22 to 1983-09-02,0.0105466,-0.01019081855825503
1990-12-14 to 1990-12-28,0.01283479999999999,0.019188354184334823
2007-12-21 to 2008-01-07,0.3374284999999997,0.16825943056569642
1988-04-22 to 1988-05-05,0.009039999999999998,0.010734366072424936
2005-07-07 to 2005-07-20,0.03464279999999993,0.06423840072323987
2003-09-09 to 2003-09-22,0.016857199999999996,-0.0015552217075338395
2006-04-24 to 2006-05-05,0.08017870000000009,0.09268820399310843
2000-09-11 to 2000-09-22,0.05892860000000001,0.10358033258860672
1995-02-09 to 1995-02-23,0.0116348,0.00050056797617367
1988-04-08 to 1988-04-21,0.008370499999999998,0.014648459251104216
2009-09-22 to 2009-10-05,0.08092829999999988,0.15029364859410843
2022-04-11 to 2022-04-25,5.986999500000001,4.348914349422923
2003-06-13 to 2003-06-26,0.012017699999999997,0.04149023649261753
1985-07-16 to 1985-07-29,0.0015627000000000002,-0.008335049356050402
1998-10-29 to 1998-11-11,0.012444300000000009,0.05096722865478738
1997-12-01 to 1997-12-12,0.004241199999999999,-0.03955885382405574
2000-12-19 to 2001-01-03,0.022656199999999998,-0.12334966550113052
1991-04-11 to 1991-04-24,0.016294499999999996,0.006901039336103303
1988-09-14 to 1988-09-27,0.011607100000000004,0.013902572151634013
1998-11-27 to 1998-12-10,0.013448500000000002,0.0430646422518807
1983-01-18 to 1983-01-31,0.009151699999999999,-0.0049096649076323315
1992-06-03 to 1992-06-16,0.01685270000000002,0.03952638745770089
2006-05-22 to 2006-06-05,0.08017840000000005,0.07537107975894602
2018-11-08 to 2018-11-21,1.2060000000000002,1.3295031078642465
2002-02-06 to 2002-02-20,0.030303500000000004,0.05225586314606251
1988-02-10 to 1988-02-24,0.012276899999999997,-0.03242904034806936
1986-10-21 to 1986-11-03,0.0053012999999999975,0.021213431252925977
2016-08-05 to 2016-08-18,0.28850009999999954,0.4212539322230632
2012-01-25 to 2012-02-07,0.4247502000000004,0.24886093444452573
2010-12-14 to 2010-12-28,0.13907129999999998,0.1776589889357844
1995-11-24 to 1995-12-07,0.014174100000000005,0.018537063583293642
2021-11-02 to 2021-11-15,3.830001699999994,2.973020184650374
2008-06-16 to 2008-06-27,0.24660680000000018,0.19802541322205502
2015-11-17 to 2015-12-01,0.6112503000000007,0.5546172699271046
1992-07-16 to 1992-07-29,0.011830000000000007,-0.00503217915057106
2012-03-08 to 2012-03-21,0.3875715999999997,0.39105804506870245
2007-05-07 to 2007-05-18,0.1064283999999998,0.12377096199480439
1984-12-24 to 1985-01-08,0.0032924000000000035,0.02140472903292319
2006-07-19 to 2006-08-01,0.07885700000000004,0.1007060898350085
2019-05-20 to 2019-06-03,0.9157495000000011,1.127331329133484
2005-07-21 to 2005-08-03,0.04542849999999994,0.04926449168605403
1997-06-25 to 1997-07-09,0.0092076,-0.014543019793939259
2001-05-15 to 2001-05-29,0.017071300000000005,0.013103733339286605
2017-03-27 to 2017-04-07,0.339750200000001,0.595871439711827
2011-08-03 to 2011-08-16,0.34346459999999973,0.46631040632674436
2000-07-28 to 2000-08-10,0.044308099999999996,-0.003915301894365092
1991-02-27 to 1991-03-12,0.028906200000000003,0.017128430078070793
2016-11-14 to 2016-11-28,0.46875000000000033,0.3598943357590058
1995-05-22 to 1995-06-05,0.007365899999999997,0.020642355790989435
1983-05-12 to 1983-05-25,0.007812400000000008,0.02314217973024217
1992-11-06 to 1992-11-19,0.012388599999999982,-0.008791423611797217
2011-03-25 to 2011-04-07,0.2106424999999998,0.1885295961513919
1983-04-14 to 1983-04-27,0.008817199999999997,-0.0041939093454266135
1986-01-07 to 1986-01-20,0.004129600000000002,0.007831824599048569
1982-06-02 to 1982-06-15,0.0007253999999999996,-0.0277368502807019
1995-02-24 to 1995-03-09,0.014076400000000006,0.02316979319420477
2005-09-30 to 2005-10-13,0.06599970000000004,0.13908526024091333
1984-09-14 to 1984-09-27,0.0025667999999999984,-0.013536371147074639
1989-03-07 to 1989-03-20,0.008035999999999993,-0.04095580600079998
1996-06-28 to 1996-07-12,0.0078264,-0.004983604203129224
2007-10-11 to 2007-10-24,0.18742860000000006,0.2264443420317397
2014-05-16 to 2014-05-30,0.38896489999999984,0.3937461988255219
1992-08-13 to 1992-08-26,0.013057999999999986,0.016316524596807845
2018-08-15 to 2018-08-28,1.2229997999999989,0.93238500946166
2002-10-09 to 2002-10-22,0.0129998,0.021513608902637663
2023-07-07 to 2023-07-20,2.5069991999999957,3.0118585660985753
1983-11-01 to 1983-11-14,0.0036271,0.02172944927406196
2010-10-04 to 2010-10-15,0.21849980000000038,0.2627624401211419
2022-09-19 to 2022-09-30,4.188001900000009,4.221514123416263
1992-12-07 to 1992-12-18,0.012499800000000016,0.0016008897476770048
1989-02-06 to 1989-02-17,0.009263400000000005,-0.005368595536625317
2000-07-14 to 2000-07-27,0.04949760000000001,0.04195636371223224
2017-03-13 to 2017-03-24,0.4000002000000002,0.5168761682317451
2015-09-08 to 2015-09-21,0.6885002999999997,0.4626401233552202
1989-09-25 to 1989-10-06,0.021316900000000007,-0.07099134945898394
2011-12-23 to 2012-01-09,0.1588929000000002,0.24862486400919948
1985-10-10 to 1985-10-23,0.0013951000000000005,-0.0023080636065918106
1981-02-10 to 1981-02-24,0.0006696000000000008,0.0015547908781364042
2015-01-05 to 2015-01-16,0.6980003999999997,0.6268143155705296
2013-12-06 to 2013-12-19,0.27914279999999925,0.3312190923126958
2002-04-05 to 2002-04-18,0.014642900000000004,-0.0075029202398465
1999-07-06 to 1999-07-19,0.019029299999999992,0.061501348499027664
1994-10-17 to 1994-10-28,0.012821100000000002,0.033961846438836346
